-- phpMyAdmin SQL Dump
-- version 4.6.5.2
-- https://www.phpmyadmin.net/
--
-- Host: 127.0.0.1
-- Generation Time: 24 Okt 2018 pada 10.09
-- Versi Server: 10.1.21-MariaDB
-- PHP Version: 5.6.30

SET SQL_MODE = "NO_AUTO_VALUE_ON_ZERO";
SET time_zone = "+00:00";


/*!40101 SET @OLD_CHARACTER_SET_CLIENT=@@CHARACTER_SET_CLIENT */;
/*!40101 SET @OLD_CHARACTER_SET_RESULTS=@@CHARACTER_SET_RESULTS */;
/*!40101 SET @OLD_COLLATION_CONNECTION=@@COLLATION_CONNECTION */;
/*!40101 SET NAMES utf8mb4 */;

--
-- Database: `db_bkk`
--

-- --------------------------------------------------------

--
-- Struktur dari tabel `ci_sessions`
--

CREATE TABLE `ci_sessions` (
  `session_id` varchar(40) NOT NULL DEFAULT '0',
  `ip_address` varchar(45) NOT NULL DEFAULT '0',
  `user_agent` varchar(120) NOT NULL,
  `last_activity` int(10) UNSIGNED NOT NULL DEFAULT '0',
  `user_data` text NOT NULL
) ENGINE=MyISAM DEFAULT CHARSET=latin1;

--
-- Dumping data untuk tabel `ci_sessions`
--

INSERT INTO `ci_sessions` (`session_id`, `ip_address`, `user_agent`, `last_activity`, `user_data`) VALUES
('1eee1a7668150eea742098a8d8d4117c', '::1', 'Mozilla/5.0 (Windows NT 10.0; Win64; x64; rv:62.0) Gecko/20100101 Firefox/62.0', 1540368085, 'a:2:{s:9:\"user_data\";s:0:\"\";s:17:\"flash:old:message\";s:84:\"<div class=\'alert alert-danger alert-dismissible\'>Username atau password salah</div>\";}');

-- --------------------------------------------------------

--
-- Struktur dari tabel `t_affiliate`
--

CREATE TABLE `t_affiliate` (
  `id_affiliate` int(11) NOT NULL,
  `npsn` varchar(10) DEFAULT NULL,
  `nama_sekolah` varchar(30) DEFAULT NULL,
  `alamat` text,
  `notlp` varchar(20) DEFAULT NULL,
  `email` varchar(50) DEFAULT NULL,
  `website` varchar(50) DEFAULT NULL,
  `status` varchar(20) DEFAULT NULL
) ENGINE=InnoDB DEFAULT CHARSET=latin1;

--
-- Dumping data untuk tabel `t_affiliate`
--

INSERT INTO `t_affiliate` (`id_affiliate`, `npsn`, `nama_sekolah`, `alamat`, `notlp`, `email`, `website`, `status`) VALUES
(1, '60725448', 'SMK NEGERI 1 AGRABINTA', 'Jln. Lintas Selatan Desa Mekarsari RT/RW 03/03 Kec. Agrabinta Kab. Cianjur, Mekarsari, Kec. Agrabinta\r\nKab. Cianjur', '0263261266', 'info@smkn1agrabinta.sch.id', 'smkn1agrabinta.sch.id', '1'),
(2, '60725449', 'SMK NEGERI 1 TANGGEUNG', 'JL. RAYA TANGGEUNG', '0263261264', 'INFO@SMKN1TANGGENG.SCH.ID', 'SMKN1TANGGENG.SCH.ID', '1'),
(3, '60725450', 'SMK NEGERI 1 CIDAUN', 'JL. RAYA CIDAUN', '0263261265', 'INFO@SMKN1CIDAUN.SCH.ID', 'SMKN1CIDAUN.SCH.ID', '1'),
(4, '60725451', 'SMK NEGERI 1 BOJONG PICUNG', 'JL. RAYA BOJONG PICUNG', '0263261266', 'INFO@SMKN1BOJONGPICUNG.SCH.ID', 'SMKN1BOJONGPICUNG.SCH.ID', '1'),
(5, '60725452', 'SMK NEGERI 1 CILAKU', 'JL. RAYA CILAKU', '0263261267', 'INFO@SMKN1CILAKU.SCH.ID', 'SMKN1CILAKU.SCH.ID', '2'),
(6, '60725453', 'SMK NEGERI 2 CILAKU', 'JL. PASIR HAYAM', '0263261268', 'INFO@SMKN2CILAKU.SCH.ID', 'SMKN2CILAKU.SCH.ID', '2'),
(7, '60725454', 'SMK BELA NUSANTARA', 'JL. CILAKU', '0263261269', 'INFO@SMKBELANUSANTARA.SCH.ID', 'SMKBELANUSANTARA.SCH.ID', '2');

-- --------------------------------------------------------

--
-- Struktur dari tabel `t_bidang`
--

CREATE TABLE `t_bidang` (
  `id_bidang` int(11) NOT NULL,
  `nama_bidang` varchar(100) DEFAULT NULL
) ENGINE=InnoDB DEFAULT CHARSET=latin1;

--
-- Dumping data untuk tabel `t_bidang`
--

INSERT INTO `t_bidang` (`id_bidang`, `nama_bidang`) VALUES
(1, 'pertanian & perkebunan'),
(2, 'ind makanan'),
(3, 'ind minuman'),
(4, 'ind tekstil'),
(5, 'ind pakaian jadi'),
(6, 'ind sepatu'),
(7, 'ind kayu'),
(8, 'ind kertas'),
(9, 'ind percetakan'),
(10, 'ind batubara'),
(11, 'ind bahan kimia'),
(12, 'ind farmasi'),
(13, 'ind logam dasar'),
(14, 'ind barang logam'),
(15, 'ind peralatan listrik'),
(16, 'ind elektronik'),
(17, 'ind mesin'),
(18, 'ind kendaraan bermotor'),
(19, 'telekomunikasi'),
(20, 'software house');

-- --------------------------------------------------------

--
-- Struktur dari tabel `t_industri`
--

CREATE TABLE `t_industri` (
  `id_industri` int(11) NOT NULL,
  `nama` varchar(100) DEFAULT NULL,
  `id_prov` int(11) DEFAULT NULL,
  `id_kabkot` int(11) DEFAULT NULL,
  `id_bidang` int(11) DEFAULT NULL,
  `alamat` text,
  `notlp` varchar(20) DEFAULT NULL,
  `nohp` varchar(20) DEFAULT NULL,
  `email` varchar(50) DEFAULT NULL
) ENGINE=InnoDB DEFAULT CHARSET=latin1;

--
-- Dumping data untuk tabel `t_industri`
--

INSERT INTO `t_industri` (`id_industri`, `nama`, `id_prov`, `id_kabkot`, `id_bidang`, `alamat`, `notlp`, `nohp`, `email`) VALUES
(1, 'PT. Alphamarts', 32, 3204, 2, 'Jl. Raya Bogor No.1 Bogor Barat', '0263261263', '08978979898', 'alphamart@gmail.com'),
(3, 'Adetex', 32, 3204, 2, 'JL. DAYANG SUMBI NO. 4 - 6', '0222503405', '0852503405', 'ADETEX@GMAIL.COM'),
(4, 'AdIns (Advance Innovations)', 31, 3174, 2, 'JL. KEBON JERUK RAYA NO. 80', '02153673030', '08553673030', 'ADINS@GMAIL.COM'),
(5, 'AEDI Interior Design', 31, 3171, 2, 'JL. KEMANG TIMUR RAYA NO. 45 B', '02171794455', '08571794455', 'AEDI@GMAIL.COM'),
(6, 'Agate Studio', 32, 3204, 2, 'JL. BUDISARI RAYA NO. 6', '0222034261', '0852034261', 'AGATE@GMAIL.COM'),
(7, 'Agung Podomoro Group', 31, 3174, 2, 'APL TOWER, 43RD - 46TH FLOOR, PODOMORO CITY', '02129034567', '08529034567', 'AGUNG@GMAIL.COM'),
(8, 'AJB Bumiputera', 32, 3204, 2, 'GRAHA BUMIPUTERA LT. 4', '02129034568', '08529034568', 'AJB@GMAIL.COM'),
(9, 'Ajita', 31, 3174, 2, 'RUKO PERMATA REGENCY B16', '02158904454', '08558904454', 'AJITA@GMAIL.COM'),
(10, 'Akal Interaktif', 32, 3204, 2, 'JL. BATIK KUMELI NO. 21 SUKALUYU', '0222504885', '0852504885', 'AKAL@GMAIL.COM'),
(11, 'Akasya Décor', 31, 3171, 2, 'JL. BANGKA 11 NO. 67 - 69', '02171790312', '08571790312', 'AKASYA@GMAIL.COM'),
(12, 'Alfabeta CV', 32, 3204, 2, 'JL. GEGERKALONG HILIR NO. 84', '0222008822', '0852008822', 'ALFABETA@GMAIL.COM'),
(13, 'Alga Indria and Design Associates Bureau', 32, 3204, 2, 'JL. TUBAGUS ISMAIL', '0222008823', '0852008823', 'ALGA@GMAIL.COM'),
(14, 'Aplysit Corp', 32, 3204, 2, 'JL. MOH. TOHA NO. 77', '0222008824', '0852008824', 'APLYSIT@GMAIL.COM'),
(15, 'Applecoast Indonesia', 32, 3204, 2, 'JL. CIKUTRA NO. 205', '02222047730', '08522047730', 'APPLECOAST@GMAIL.COM'),
(16, 'Appschef ( PT Qorser Teknologi )', 32, 3204, 2, 'JL. SUKARNO HATTA 104', '0226034882', '0856034882', 'APPSCHEF@GMAIL.COM'),
(17, 'Arabesque Ballet Studio', 32, 3204, 2, 'JL. CILAKI NO. 3', '0227237199', '0857237199', 'ARABESQUE@GMAIL.COM'),
(18, 'Arcom', 32, 3204, 2, 'JL. SETIADUTA CEMARA BLOK K4 NO. 32', '02270088859', '08570088859', 'ARCOM@GMAIL.COM'),
(19, 'Aria Exclusive Villas and Spa Seminyak', 32, 0, 2, 'JL. CENDRAWASIH, SEMINYAK, KUTA', '03614732588', '08514732588', 'ARIA@GMAIL.COM'),
(20, 'Arsanesia', 32, 3204, 2, 'JL. BAKTI NO. 35', '0222043459', '0852043459', 'ARSANESIA@GMAIL.COM'),
(21, 'Artek and Partner', 31, 3171, 2, 'JL. DARMAWANGSA XI/6', '0222043460', '0852043460', 'ARTEK@GMAIL.COM'),
(22, 'Astra Aviva Life', 31, 3171, 2, 'PONDOK INDAH OFFICE TOWER, LT. 11', '02130422000', '08530422000', 'ASTRA@GMAIL.COM'),
(23, 'Astra Daihatsu Motor', 31, 3175, 2, 'JL. GAYA MOTOR III NO. 5, SUNTER II', '0216510300', '0856510300', 'ASTRA@GMAIL.COM'),
(24, 'Auto 2000', 32, 3204, 2, 'JL. ASIA AFRIKA NO. 125', '0224242000', '0854242000', 'AUTO@GMAIL.COM'),
(25, 'AUTO 2000 Soekarno Hatta Bandung', 32, 3204, 2, 'JL. SOEKARNO HATTA NO. 145', '02286700700', '08586700700', 'AUTO@GMAIL.COM'),
(26, 'AVB (PT. Indovision Prima Film)', 32, 0, 2, 'JL. YUDISTIRA I NO. 1, SEMINYAK', '03617820999', '08517820999', 'AVB@GMAIL.COM'),
(27, 'Avelca', 32, 3204, 2, 'JL. SOEKARNO HATTA NO. 104', '081222323340', '085222323340', 'AVELCA@GMAIL.COM'),
(28, 'AXA Assurance', 32, 3204, 2, 'JL. BENGAWAN NO.49', '0227217072', '0857217072', 'AXA@GMAIL.COM'),
(29, 'Badan Ketahanan Pangan Provinsi Sulawesi Utara', 32, 7171, 2, 'JL. L. L. R. E. MARTADINATA NO. 11', '0431861750', '0851861750', 'BADAN@GMAIL.COM'),
(30, 'Badan Penanggulangan Bencana Daerah Provinsi Sulawesi Utara', 32, 0, 2, 'JL. BETHESDA NO. 16', '0431861751', '0851861751', 'BADAN@GMAIL.COM'),
(31, 'Balai Besar Tekstil', 32, 3204, 2, 'JL. JEND. AHMAD YANI NO. 390', '0227206214', '0857206214', 'BALAI@GMAIL.COM'),
(32, 'Balai Pengkajian dan Pengembangan Informasi (BPPI) Bandung', 32, 3204, 2, 'JL. PADJAJARAN NO. 88', '0227206215', '0857206215', 'BALAI@GMAIL.COM'),
(33, 'Baloons Studio', 32, 3204, 2, 'JL. TEBET BARAT DALAM NO. 112', '081399877711', '085399877711', 'BALOONS@GMAIL.COM'),
(34, 'Bandung Heritage Society', 32, 3204, 2, 'JL. R. E. MARTADINATA NO. 209', '081399877711', '085399877711', 'BANDUNG@GMAIL.COM'),
(35, 'BBDO Komunika', 32, 0, 2, 'GEDUNG HERO', '0218317815', '0858317815', 'BBDO@GMAIL.COM'),
(36, 'Bentang Inspira Teknologi', 32, 3204, 2, 'JL. MERAK NGIBING NO. 12', '0222500679', '0852500679', 'BENTANG@GMAIL.COM'),
(37, 'Best Image Hotels & Residences (BIRD)', 32, 3204, 2, 'JL. SURYA SUMANTRI NO. 91 - 93', '0222044008', '0852044008', 'BEST@GMAIL.COM'),
(38, 'Blackstone (PT. Bintang Strategi Asia)', 31, 3171, 2, 'JL. TEBET DALAM 1J NO. 6', '02146220056', '08546220056', 'BLACKSTONE@GMAIL.COM'),
(39, 'Blitz Megaplex Mall of Indonesia', 31, 3175, 2, 'KELAPA GADING SQUARE 2ND FLOOR', '02129364834', '08529364834', 'BLITZ@GMAIL.COM'),
(40, 'Bolt Design', 32, 3603, 2, 'RUKO GOLDEN BOULEVARD K15', '0215386836', '0855386836', 'BOLT@GMAIL.COM'),
(41, 'Brand-X Indonesia', 31, 3171, 2, 'JL. KEDOYA RAYA NO. 2R', '0215386837', '0855386837', 'BRAND-X@GMAIL.COM'),
(42, 'Bright Consulting Indonesia (PT. Binar Consulting)', 31, 3174, 2, 'MENARA THAMRIN 5TH FLOOR, SUITE 505', '0213150395', '0853150395', 'BRIGHT@GMAIL.COM'),
(43, 'BTC Fashion Mall', 32, 3204, 2, 'JL. DR. DJUNJUNAN NO. 143 - 149', '0226033843', '0856033843', 'BTC@GMAIL.COM'),
(44, 'Butik Dukomsel', 32, 3204, 2, 'JL. IR. H. JUANDA NO. 52', '0224237123', '0854237123', 'BUTIK@GMAIL.COM'),
(45, 'C59', 32, 3204, 2, 'JL. CIGADUNG RAYA TIMUR NO. 107', '0224237124', '0854237124', 'C59@GMAIL.COM'),
(46, 'Cahaya Bagi Negeri', 32, 3216, 2, 'GRAHA MULTICOMMTECH', '02189905566', '08589905566', 'CAHAYA@GMAIL.COM'),
(47, 'Carrefour', 32, 3204, 2, 'JL. SOEKARNO HATTA NO. 526', '0227530600', '0857530600', 'CARREFOUR@GMAIL.COM'),
(48, 'CBN (Cahaya Bagi Negeri)', 32, 3216, 2, 'GRAHA MULTICOMMTECH', '02189905566', '08589905566', 'CBN@GMAIL.COM'),
(49, 'Center of Supply Chain and Logistic Information System', 32, 3204, 2, 'JL. DIPATI UKUR NO. 80-84', '0222506604', '0852506604', 'CENTER@GMAIL.COM'),
(50, 'CEP CCIT FTUI', 32, 0, 2, 'GD. ENGINEERING CENTER LT. 1', '0222506605', '0852506605', 'CEP@GMAIL.COM'),
(51, 'Cilicon Faytory', 32, 0, 2, 'CF 58 TANNERY LANE, SINGAPORE 347802', '006590493457', '085590493457', 'CILICON@GMAIL.COM'),
(52, 'Collection House', 32, 3204, 2, 'JL. TERUSAN PASIRKOJA NO 39', '0226034718', '0856034718', 'COLLECTION@GMAIL.COM'),
(53, 'Compassion International', 32, 3204, 2, 'JL. SUKAWANGI 3 ', '0222034691', '0852034691', 'COMPASSION@GMAIL.COM'),
(54, 'Creasionbrand', 32, 3204, 2, 'JL. BATIK RENGGANIS NO. 27', '0222500527', '0852500527', 'CREASIONBRAND@GMAIL.COM'),
(55, 'Cuatrodia Studio', 31, 3174, 2, 'JL. KEMANGGISAN ILIR 7 NO. 84', '081285322174', '085285322174', 'CUATRODIA@GMAIL.COM'),
(56, 'CV Autographis Mediatama', 32, 0, 2, 'JL. RTA MILONO KM. 3,5', '05633234527', '08533234527', 'CV@GMAIL.COM'),
(57, 'CV Cintek (Cihanjuan Inti Teknik)', 32, 3277, 2, 'JL. CIHANJUANG NO. 204', '0226640814', '0856640814', 'CV@GMAIL.COM'),
(58, 'CV It Works! Studio', 32, 3204, 2, 'PASKAL HYPERSQUARE B45 3RD FLOOR', '0226640815', '0856640815', 'CV@GMAIL.COM'),
(59, 'CV Kurnia Abadi', 32, 3204, 2, 'JL. DR. DJUNJUNAN DALAM 1 NO. 27B', '0226123738', '0856123738', 'CV@GMAIL.COM'),
(60, 'CV LCC Motor', 32, 3204, 2, 'JL. JEND. AHMAD YANI NO. 889', '0227202800', '0857202800', 'CV@GMAIL.COM'),
(61, 'CV Miracle', 32, 3204, 2, 'JL. BATUNUNGGAL INDAH RAYA NO. 311', '0227202801', '0857202801', 'CV@GMAIL.COM'),
(62, 'CV Mitra Sarana Edukasi', 32, 3204, 2, 'BIZPARK COMMERCIAL ESTATE', '0225416457', '0855416457', 'CV@GMAIL.COM'),
(63, 'CV. Anugrah Prima (Radya Labs)', 32, 3204, 2, 'JL. SIDO LUHUR NO.14 SUKALUYU', '0225416458', '0855416458', 'CV.@GMAIL.COM'),
(64, 'CV. Arthetiks Indonesia', 32, 3204, 2, 'JL. TERUSAN CIGADUNG NO. 17', '081320668089', '085320668089', 'CV.@GMAIL.COM'),
(65, 'CV. Autographis Mediatama', 32, 0, 2, 'JL. RTA MILONO KM 3,5 P. RAYA', '05363234627', '08563234627', 'CV.@GMAIL.COM'),
(66, 'CV. Cihanjuang Inti Teknik', 32, 3277, 2, 'JL. CIHANJUANG NO. 204', '0226640814', '0856640814', 'CV.@GMAIL.COM'),
(67, 'CV. Cotelligen Indonesia', 32, 3204, 2, 'JL. TERUSAN PROF. DR. SUTAMI', '0226640815', '0856640815', 'CV.@GMAIL.COM'),
(68, 'CV. Fruity Indonesia', 32, 3277, 2, 'JL. SANGKURIAN NO. 33A', '0226640816', '0856640816', 'CV.@GMAIL.COM'),
(69, 'CV. IB Mobil Suzuki Garut', 32, 3205, 2, 'JL. BRATAYUDHA NO. 20', '0262233318', '0852233318', 'CV.@GMAIL.COM'),
(70, 'CV. Indra Wiratama', 32, 3216, 2, 'JL. BOJONG ASRI XIV BLOK E 19 NO. 13 - 16', '0218206144', '0858206144', 'CV.@GMAIL.COM'),
(71, 'CV. Lotus Jaya', 32, 3204, 2, 'JL. JENDERAL SUDIRMAN NO. 725B', '0226076437', '0856076437', 'CV.@GMAIL.COM'),
(72, 'CV. Media Destinasi Arya Karunia', 32, 3204, 2, 'BALE BALANTIK', '02287831413', '08587831413', 'CV.@GMAIL.COM'),
(73, 'CV. Menara Lighthouse Production', 32, 3204, 2, 'JL. TAMAN SARI NO. 50', '02287831414', '08587831414', 'CV.@GMAIL.COM'),
(74, 'CV. Pandan Wangi', 32, 3204, 2, 'JL. PATUHA NO. 38', '02287831415', '08587831415', 'CV.@GMAIL.COM'),
(75, 'CV. Putra Kartika', 32, 3211, 2, 'JL. CIMUJA - CIMALAKA NO. 33', '02287831416', '08587831416', 'CV.@GMAIL.COM'),
(76, 'CV. Rajawali Sakti', 32, 3204, 2, 'JL. CILAMPENI NO. 32', '0225891291', '0855891291', 'CV.@GMAIL.COM'),
(77, 'CV. Sari Wangi', 32, 3204, 2, 'JL. MEKAR SARI NO. 42', '0225891292', '0855891292', 'CV.@GMAIL.COM'),
(78, 'CV. Selaparang', 32, 3204, 2, 'KOMP. BOUGENVILLE BLOK A-4\nRT. 006, RW. 001', '0225891293', '0855891293', 'CV.@GMAIL.COM'),
(79, 'CV. Tiga Bintang Utama', 32, 3204, 2, 'TAMAN KOPO INDAH 2 F1 NO. 11', '02254413026', '08554413026', 'CV.@GMAIL.COM'),
(80, 'Daerah Militer III Siliwangi', 32, 3204, 2, 'JL. SALAK NO. 2', '0227304669', '0857304669', 'DAERAH@GMAIL.COM'),
(81, 'Dale Carnegie Training', 32, 3204, 2, 'JL. DR. SETIABUDHI NO. 287 A', '0222012600', '0852012600', 'DALE@GMAIL.COM'),
(82, 'Damn I Love Indonesia (PT. Dinamika Anak Muda Nasional)', 31, 3174, 2, 'JL. TUNJUNG RAYA NO. 11', '02127321945', '08527321945', 'DAMN@GMAIL.COM'),
(83, 'Datsun Exclusive Padjajaran', 32, 3204, 2, 'JL. PADJAJARAN NO. 69', '02292612000', '08592612000', 'DATSUN@GMAIL.COM'),
(84, 'Dbest Hotel', 32, 3204, 2, 'JL. OTO ISKANDAR DINATA NO. 460', '0225228899', '0855228899', 'DBEST@GMAIL.COM'),
(85, 'Delami Brands', 32, 0, 2, 'JL. ALAYDRUS NO. 19', '0216349977', '0856349977', 'DELAMI@GMAIL.COM'),
(86, 'Dexa Medica', 32, 3603, 2, 'JL. BOULEVARD BINTARO BLOCK B7/B1 NO. 05', '0217454111', '0857454111', 'DEXA@GMAIL.COM'),
(87, 'DGroove Sports and Wellness Centre', 32, 3204, 2, 'JL. SOEKARNO HATTA NO. 27', '0226045400', '0856045400', 'DGROOVE@GMAIL.COM'),
(88, 'Dharma Dexa', 32, 3603, 2, 'TITAN CENTER, 8TH FLOOR', '0217454111', '0857454111', 'DHARMA@GMAIL.COM'),
(89, 'Dinas Kebudayaan dan Pariwisata Kota Bandung', 32, 3204, 2, 'JL. L.L. R.E. MARTADINATA NO. 209', '0227273209', '0857273209', 'DINAS@GMAIL.COM'),
(90, 'Dinas Kesehatan Kota Bandung', 32, 3204, 2, 'JL. SUPRATMAN NO. 73', '0224203752', '0854203752', 'DINAS@GMAIL.COM'),
(91, 'Dinas Kesehatan Kota Cimahi', 32, 3277, 2, 'JL. DRA. HJ. DJULAEHA KARMITA', '0224203753', '0854203753', 'DINAS@GMAIL.COM'),
(92, 'Dinas Komunikasi dan Informatika', 32, 3204, 2, 'JL. WASTUKENCANA NO. 2', '0224234892', '0854234892', 'DINAS@GMAIL.COM'),
(93, 'Dinas Olahraga Dan Pemuda Provinsi Jawa Barat', 32, 3204, 2, 'JL. DOKTOR RAJIMAN NO.6 A', '0224209690', '0854209690', 'DINAS@GMAIL.COM'),
(94, 'Dinas Pariwisata dan Kebudayaan Kota Bandung', 32, 3204, 2, 'JL. AHMAD YANI NO. 227', '0227210768', '0857210768', 'DINAS@GMAIL.COM'),
(95, 'Dinas Pendapatan Daerah Kota Bandung', 32, 0, 2, 'JL. WASTU KENCANA NO.2', '0224235052', '0854235052', 'DINAS@GMAIL.COM'),
(96, 'Direktorat Jenderal Pajak', 32, 3204, 2, 'JL. ASIA AFRIKA NO. 114', '0224232195', '0854232195', 'DIREKTORAT@GMAIL.COM'),
(97, 'eBDesk', 32, 3204, 2, 'JL. RADEN PATAH NO. 21', '0222502423', '0852502423', 'EBDESK@GMAIL.COM'),
(98, 'EEP', 32, 3204, 2, 'JL. DIPONEGORO NO. 7', '0224263020', '0854263020', 'EEP@GMAIL.COM'),
(99, 'EGGHEAD - Branding Consultant', 31, 3171, 2, 'JL. MERUYA ILIR RAYA NO. 88', '0219919110', '0859919110', 'EGGHEAD@GMAIL.COM'),
(100, 'FAB Indonesia', 32, 0, 2, 'JL. CIPETE V NO. 10A', '02129124001', '08529124001', 'FAB@GMAIL.COM'),
(101, 'Femina Group', 31, 3171, 2, 'GEDUNG WISMA KODEL, 9TH FL.', '0215266666', '0855266666', 'FEMINA@GMAIL.COM'),
(102, 'Fuji Technica Indonesia', 32, 3215, 2, 'JL. MALIGI RAYA LOT A-6 & 7', '0218902550', '0858902550', 'FUJI@GMAIL.COM'),
(103, 'G.H. Universal Hotel', 32, 3204, 2, 'JL. SETIABUDI NO. 376', '0222010388', '0852010388', 'G.H.@GMAIL.COM'),
(104, 'Gagasmedia Group', 32, 0, 2, 'JL. HAJI MONTONG NO. 57', '0222010389', '0852010389', 'GAGASMEDIA@GMAIL.COM'),
(105, 'Gedung Keuangan Negara', 32, 3204, 2, 'JL. ASIA AFRIKA NO. 114', '0222010390', '0852010390', 'GEDUNG@GMAIL.COM'),
(106, 'Gita Sarana Jasa Konsultan', 32, 3204, 2, 'JL. TRUNOJOYO NO. 60', '0224234494', '0854234494', 'GITA@GMAIL.COM'),
(107, 'Gramedia Cikarang Printing', 32, 3216, 2, 'JL. ANGSANA RAYA BLOK A2 NO. 1', '02130002288', '08530002288', 'GRAMEDIA@GMAIL.COM'),
(108, 'Gramedia Printing Group', 31, 3171, 2, 'KOMPAS GRAMEDIA BUILDING', '0215480888', '0855480888', 'GRAMEDIA@GMAIL.COM'),
(109, 'Grand Hotel Preanger Bandung', 32, 3204, 2, 'JL. ASIA AFRIKA NO. 81', '0215480889', '0855480889', 'GRAND@GMAIL.COM'),
(110, 'Grand Royal Panghegar Hotel & Convention', 32, 3204, 2, 'JL. MERDEKA NO. 2', '0224232286', '0854232286', 'GRAND@GMAIL.COM'),
(111, 'Grand Sovia Hotel', 32, 3204, 2, 'JL. KEBON KAWUNG NO. 16', '0224268731', '0854268731', 'GRAND@GMAIL.COM'),
(112, 'Grandia Hotel', 32, 3204, 2, 'JL. CIHAMPELAS NO. 80 - 82', '0224263846', '0854263846', 'GRANDIA@GMAIL.COM'),
(113, 'Grey Advertising', 31, 3171, 2, 'JL. BUNCIT RAYA KAV. 100', '02179192129', '08579192129', 'GREY@GMAIL.COM'),
(114, 'Gudang Garam', 32, 3204, 2, 'JL. SOEKARNO HATTA NO. 703', '022310660', '085310660', 'GUDANG@GMAIL.COM'),
(115, 'Harris Hotel & Conventions', 32, 3204, 2, 'JL. CIUMBULEUIT NO. 50-58', '02282068222', '08582068222', 'HARRIS@GMAIL.COM'),
(116, 'Havas Adwork', 31, 3171, 2, 'JL. GUNTUR NO. 48', '0218309302', '0858309302', 'HAVAS@GMAIL.COM'),
(117, 'HD Soluzion', 32, 3204, 2, 'JL. ENCE AZIS NO. 59 (GARDUJATI)', '0224234038', '0854234038', 'HD@GMAIL.COM'),
(118, 'Holiday Inn Bandung', 32, 3204, 2, 'JL. IR.H. DJUANDA NO. 31-33 DAGO', '022421133', '085421133', 'HOLIDAY@GMAIL.COM'),
(119, 'Home School Surya Pasundan', 32, 3204, 2, 'JL. SURYA SUMANTRI NO. 91', '089632251496', '085632251496', 'HOME@GMAIL.COM'),
(120, 'Hotel Aria Luxury Villas & Amalfi', 32, 0, 2, 'JL. PETITENGET NO. 8', '03614741970', '08514741970', 'HOTEL@GMAIL.COM'),
(121, 'Hotel Aston Tropicana', 32, 3204, 2, 'JL. CIHAMPELAS NO. 125 - 129', '0222030101', '0852030101', 'HOTEL@GMAIL.COM'),
(122, 'Hotel California Bandung', 32, 3204, 2, 'JL. WASTUKENCANA NO. 48', '0224268588', '0854268588', 'HOTEL@GMAIL.COM'),
(123, 'Hotel Grand Pasundan', 32, 3204, 2, 'JL. PETA NO. 147 - 149', '0226043135', '0856043135', 'HOTEL@GMAIL.COM'),
(124, 'Hotel Grand Tjokro', 32, 3204, 2, 'JL. CIHAMPELAS NO. 211-217', '02282021220', '08582021220', 'HOTEL@GMAIL.COM'),
(125, 'Hotel Guci', 32, 3204, 2, 'JL. PASIRKALIKI NO. 53 - 55', '0226015053', '0856015053', 'HOTEL@GMAIL.COM'),
(126, 'Hotel Harris Ciumbuleuit', 32, 3204, 2, 'JL. CIUMBULEUIT NO. 50-58', '02282068222', '08582068222', 'HOTEL@GMAIL.COM'),
(127, 'Hotel Horison', 32, 3204, 2, 'JL. PELAJAR PEJUANG 45 NO. 121', '0227305000', '0857305000', 'HOTEL@GMAIL.COM'),
(128, 'Hotel Patra Jasa Bandung', 32, 3204, 2, 'JL. IR. H. JUANDA NO. 132', '0222502664', '0852502664', 'HOTEL@GMAIL.COM'),
(129, 'Hotel Prama Grand Preanger Bandung', 32, 3204, 2, 'JLN. ASIA AFRIKA NO. 81', '0224231631', '0854231631', 'HOTEL@GMAIL.COM'),
(130, 'Hotel Savoy Homan', 32, 3204, 2, 'JL. ASIA AFRIKA NO. 112', '0224232244', '0854232244', 'HOTEL@GMAIL.COM'),
(131, 'Hotel Scarlet Dago', 32, 3204, 2, 'JL. SILIWANGI NO. 5', '0222500300', '0852500300', 'HOTEL@GMAIL.COM'),
(132, 'Hotel Serela Cihampelas', 32, 0, 2, 'JL. CIHAMPELAS NO. 147', '02282062441', '08582062441', 'HOTEL@GMAIL.COM'),
(133, 'Hotel Serela Purnawarman Bandung', 32, 3204, 2, 'JL. CIHAMPLAS NO. 147', '0224231456', '0854231456', 'HOTEL@GMAIL.COM'),
(134, 'Hotel Sheraton Bandung', 32, 3204, 2, 'JL. IR. H. JUANDA NO. 390', '0222500303', '0852500303', 'HOTEL@GMAIL.COM'),
(135, 'Hotel The Summit Siliwangi', 32, 3204, 2, 'JL. SERAM NO. 5', '0224233535', '0854233535', 'HOTEL@GMAIL.COM'),
(136, 'Hotel Victory', 32, 3204, 2, 'JL. PAJAJARAN NO. 79', '0226075123', '0856075123', 'HOTEL@GMAIL.COM'),
(137, 'House Development Solutions (HD Soluzion)', 32, 3204, 2, 'JL. ENCE AZIS NO. 59 (GARDUJATI)', '0224234038', '0854234038', 'HOUSE@GMAIL.COM'),
(138, 'IBM Corporation', 31, 3171, 2, 'JL. JEND. SUDIRMAN NO. 1', '0224234039', '0854234039', 'IBM@GMAIL.COM'),
(139, 'Idea Imaji', 32, 3204, 2, 'JL. SOEKARNO HATTA NO. 689 B', '02287793157', '08587793157', 'IDEA@GMAIL.COM'),
(140, 'iHuntington', 31, 3171, 2, 'JL. BUMI NO. 4 ', '0813317977772', '0853317977772', 'IHUNTINGTON@GMAIL.COM'),
(141, 'IKEA', 32, 0, 2, 'JL. JALUR SUTERA BOULVARD KAV. 45, ALAM SUTERA SERPONG', '02129853900', '08529853900', 'IKEA@GMAIL.COM'),
(142, 'Indonesian Institute for Corporate Governance', 31, 3171, 2, 'JL. RAYA PASAR JUMAT NO. 41B', '0217695898', '0857695898', 'INDONESIAN@GMAIL.COM'),
(143, 'Iris Worldwide Indonesia', 31, 3171, 2, 'OLEOS BUILDING 1', '02179194669', '08579194669', 'IRIS@GMAIL.COM'),
(144, 'Istana Group', 32, 3204, 2, 'JL. BIMA NO. 81', '0226075976', '0856075976', 'ISTANA@GMAIL.COM'),
(145, 'ISYS Edge ', 31, 3171, 2, 'GRAND SLIPI TOWER FLOOR 42 C', '02129865840', '08529865840', 'ISYS@GMAIL.COM'),
(146, 'ITHB', 32, 3204, 2, 'JL. DIPATI UKUR NO. 82 - 84', '0222506604', '0852506604', 'ITHB@GMAIL.COM'),
(147, 'Java Preanger Coffee House', 32, 3204, 2, 'JL. CISANGKUY NO. 68', '0227231118', '0857231118', 'JAVA@GMAIL.COM'),
(148, 'Jaya Motor', 32, 3213, 2, 'JL. OTISTA NO. 36', '0260416469', '0850416469', 'JAYA@GMAIL.COM'),
(149, 'Jendela Alam', 32, 0, 2, 'JL. SERSAN BAJURI KM. 4,5\nKOMPLEK GRAHA PUSPA', '0260416470', '0850416470', 'JENDELA@GMAIL.COM'),
(150, 'Jonas Photo', 32, 3204, 2, 'JL. BANDA NO. 38', '0224201010', '0854201010', 'JONAS@GMAIL.COM'),
(151, 'Jotter Production', 32, 0, 2, 'JL. BERUANG NO. 40', '082120178020', '085120178020', 'JOTTER@GMAIL.COM'),
(152, 'JWT Jakarta', 32, 0, 2, 'JL. PROKLAMASI NO. 46', '0213100367', '0853100367', 'JWT@GMAIL.COM'),
(153, 'Kafetaria 170', 32, 3204, 2, 'JL. PASIRKALIKI NO. 170', '02284460028', '08584460028', 'KAFETARIA@GMAIL.COM'),
(154, 'Kantor Akuntan Publik', 32, 3204, 2, 'JL. PROF. DRG. SURIA SUMANTRI NO. 76C', '0222016509', '0852016509', 'KANTOR@GMAIL.COM'),
(155, 'Kantor Bea Cukai', 32, 3204, 2, 'JL. RUMAH SAKIT NO. 167', '0222016510', '0852016510', 'KANTOR@GMAIL.COM'),
(156, 'Kantor Kesatuan Bangsa Cimahi', 32, 3277, 2, 'JL. R.D. DEMANG HARDJAKUSUMAH', '0226631859', '0856631859', 'KANTOR@GMAIL.COM'),
(157, 'Kantor Pusat Direktorat Jenderal Pajak', 31, 3171, 2, 'JL. JENDERAL GATOT SUBROTO NO. 40-42', '0215250208', '0855250208', 'KANTOR@GMAIL.COM'),
(158, 'Kantor Wilayah Direktorat Jenderal Bea dan Cukai', 32, 3204, 2, 'JL. SURAPATI NO. 12', '0215250209', '0855250209', 'KANTOR@GMAIL.COM'),
(159, 'Kantor Wilayah DJP Jawa Barat 1', 32, 3204, 2, 'JL. ASIA AFRIKA NO. 114', '0215250210', '0855250210', 'KANTOR@GMAIL.COM'),
(160, 'Kantor Wilayah Kementerian Hukum dan HAM RI', 32, 3204, 2, 'JL. KIARA CONDONG NO. 431', '0215250211', '0855250211', 'KANTOR@GMAIL.COM'),
(161, 'Kementerian Pekerjaan Umum dan Perumahan', 32, 3204, 2, 'JL. A.H. NASUTION NO. 264', '0227802726', '0857802726', 'KEMENTERIAN@GMAIL.COM'),
(162, 'Kepala Badan Kesatuan Bangsa dan Pemberdayaan Masyarakat Kota Bandung', 32, 3204, 2, 'JL. WASTUKANCANA NO. 2', '0227802727', '0857802727', 'KEPALA@GMAIL.COM'),
(163, 'Kepala Sub Bagian Umum dan Kepatuhan Internal', 32, 3204, 2, 'JL. PURNAWARMAN NO. 21', '0224207897', '0854207897', 'KEPALA@GMAIL.COM'),
(164, 'Kevala Ceramics', 32, 5171, 2, 'JL. MERTASARI NO. 21, SUWUNG KANGIN', '0361720718', '0851720718', 'KEVALA@GMAIL.COM'),
(165, 'Kompas (Perwakilan Jawa Barat)', 32, 3204, 2, 'GRHA KOMPAS GRAMEDIA', '0224234691', '0854234691', 'KOMPAS@GMAIL.COM'),
(166, 'Kompas Gramedia', 31, 3171, 2, 'JL. PALMERAH SELATAN 22-26', '0215483008', '0855483008', 'KOMPAS@GMAIL.COM'),
(167, 'Kompas TV', 31, 3173, 2, 'JL. PALMERAH SELATAN NO. 1', '02153654898', '08553654898', 'KOMPAS@GMAIL.COM'),
(168, 'Komunika Media Indonesia', 32, 0, 2, 'MENARA KUNINGAN 6TH FLOOR', '081285053689', '085285053689', 'KOMUNIKA@GMAIL.COM'),
(169, 'KPSBU (Koperasi Susu Bandung Utara) Lembang', 32, 0, 2, 'KOMPLEK PASAR PANORAMA LEMBANG - BANDUNG', '0222786198', '0852786198', 'KPSBU@GMAIL.COM'),
(170, 'Kudos Studio', 32, 3204, 2, 'JL. SUMBER JAYA NO. 9', '0226070482', '0856070482', 'KUDOS@GMAIL.COM'),
(171, 'KYUB Studio', 32, 3204, 2, 'JL. PENGAMPAAN 5', '0225223809', '0855223809', 'KYUB@GMAIL.COM'),
(172, 'LAVIE Baby House', 32, 3204, 2, 'JL. IMAM BONJOL NO. 4,5 DAN 7', '0222504905', '0852504905', 'LAVIE@GMAIL.COM'),
(173, 'Legacy', 32, 3204, 2, 'JL. PASIR KALIKI NO. 178', '02284468073', '08584468073', 'LEGACY@GMAIL.COM'),
(174, 'Leo Burnett Group Indonesia', 31, 3171, 2, 'MENARA THAMRIN, 26ST FLOOR.', '02139830118', '08539830118', 'LEO@GMAIL.COM'),
(175, 'LF8 Branding & Interactive', 32, 0, 2, 'PICCADILY BUSINESS ARCADE 1ST FLOOR #304', '081224000120', '085224000120', 'LF8@GMAIL.COM'),
(176, 'Life TV', 31, 3174, 2, 'JL. RAYA PANJANG 2/111', '0215806841', '0855806841', 'LIFE@GMAIL.COM'),
(177, 'Lighthouse Photography', 32, 3204, 2, 'JL. TAMANSARI NO. 50', '0224207918', '0854207918', 'LIGHTHOUSE@GMAIL.COM'),
(178, 'Ling Chick', 32, 3204, 2, 'JL. LAKS MUDA NURTANIO NO. 63', '0226032468', '0856032468', 'LING@GMAIL.COM'),
(179, 'Lion Air Cargo', 32, 3204, 2, 'JL. SOEKARNO HATTA NO. 447', '02285240104', '08585240104', 'LION@GMAIL.COM'),
(180, 'Lotte Mart Bandung Festival City Link', 32, 3204, 2, 'JL. PETA NO. 241', '0226128500', '0856128500', 'LOTTE@GMAIL.COM'),
(181, 'LOTTE MART BEC', 32, 3204, 2, 'JL. PURANAWARMAN NO 13-15', '022-6128503', '085-6128503', 'LOTTE@GMAIL.COM'),
(182, 'Lyman Group (Kota Baru Parahyangan)', 32, 0, 2, 'JL. PANYAWANGAN KAV. 3, BALEPARE', '0226803888', '0856803888', 'LYMAN@GMAIL.COM'),
(183, 'MACS909', 31, 3171, 2, 'JL. PANGLIMA POLIM 3 NO. 93', '0217264336', '0857264336', 'MACS909@GMAIL.COM'),
(184, 'Maja Group', 32, 1671, 2, 'JL. SERSAN BAJURI NO. 72', '0222788196', '0852788196', 'MAJA@GMAIL.COM'),
(185, 'Makki Makki', 31, 3171, 2, 'JL. HANG JEBAT III NO. 5', '0217227762', '0857227762', 'MAKKI@GMAIL.COM'),
(186, 'Mantra Sakala Resort & Beach Club', 32, 0, 2, 'JL. PRATAMA NO. 95', '0361775216', '0851775216', 'MANTRA@GMAIL.COM'),
(187, 'Maple Creative', 32, 0, 2, 'RUKO PIAZZA DEL ESPANA, KALIMANTAN NO. 33', '02160615510', '08560615510', 'MAPLE@GMAIL.COM'),
(188, 'Matari Advertising', 31, 3174, 2, 'JL. RAYA KELAPA DUA NO. 27', '02153650068', '08553650068', 'MATARI@GMAIL.COM'),
(189, 'Maximum Ultimate Organizer', 32, 3204, 2, 'JL. RADEN MUSTIKA NO. 5', '0224214114', '0854214114', 'MAXIMUM@GMAIL.COM'),
(190, 'Menara Lighthouse Production (CV)', 32, 3204, 2, 'JL. TAMAN SARI NO. 50', '0224207988', '0854207988', 'MENARA@GMAIL.COM'),
(191, 'Merah Cipta Media (Semut Api)', 31, 3174, 2, 'MCM OFFICE 2ND FLOOR', '0215346631', '0855346631', 'MERAH@GMAIL.COM'),
(192, 'Miles Film', 31, 3171, 2, 'JL. RC. VETERAN RAYA NO. 555 UNIT F & G', '02173889880', '08573889880', 'MILES@GMAIL.COM'),
(193, 'Mono Photography', 31, 3175, 2, 'JL. SUNTER PERMAI 4 BLOK A5 NO. 8', '02173889881', '08573889881', 'MONO@GMAIL.COM'),
(194, 'MRA Group - Printed Media Division', 31, 3171, 2, 'GRAHA MRA ', '02127561716', '08527561716', 'MRA@GMAIL.COM'),
(195, 'MRA Group - PT. Mugi Rekso Abadi', 31, 3171, 2, 'WISMA MRA', '02127651808', '08527651808', 'MRA@GMAIL.COM'),
(196, 'Musicland Indonesia', 32, 3204, 2, 'JL. SUDIRMAN 223', '0226070756', '0856070756', 'MUSICLAND@GMAIL.COM'),
(197, 'National Geographic Magazine', 31, 3174, 2, 'GEDUNG GRAMEDIA MAJALAH UNIT 1 LT. 6', '0215330179', '0855330179', 'NATIONAL@GMAIL.COM'),
(198, 'Neuborn Media', 31, 3171, 2, 'JL. RATA NO. 11', '0216296949', '0856296949', 'NEUBORN@GMAIL.COM'),
(199, 'NextSystem', 32, 3204, 2, 'JL. BARANANG SIANG NO. 6-8', '0224222062', '0854222062', 'NEXTSYSTEM@GMAIL.COM'),
(200, 'Node8 Technology', 32, 3204, 2, 'JL. LAKSAMANA MUDA NURTANIO NO. 66C', '0226125974', '0856125974', 'NODE8@GMAIL.COM'),
(201, 'Noll Problemo', 32, 3204, 2, 'JL. MEKAR AGUNG NO. 20', '0225228800', '0855228800', 'NOLL@GMAIL.COM'),
(202, 'Novotel Manado Golf Resort and Convention Center', 32, 7171, 2, 'JL. A.A. MARAMIS KAYUWATU KAIRAGI II', '0431818889', '0851818889', 'NOVOTEL@GMAIL.COM'),
(203, 'Nusae', 32, 3204, 2, 'JL. KARAWITAN NO. 28A', '088802073079', '085802073079', 'NUSAE@GMAIL.COM'),
(204, 'Nutrifood Indonesia', 31, 3171, 2, 'JL. RAWABALI II NO. 3', '0214605780', '0854605780', 'NUTRIFOOD@GMAIL.COM'),
(205, 'Ogilvy & Mather', 31, 3171, 2, 'SENTRAL SENAYAN III 11TH FLOOR', '02129243000', '08529243000', 'OGILVY@GMAIL.COM'),
(206, 'Oka Trans', 31, 3175, 2, 'JL. ENDER NO. 37', '0214373737', '0854373737', 'OKA@GMAIL.COM'),
(207, 'Otoritas Jasa Keuangan (OJK)', 31, 3173, 2, 'GEDUNG SOEMITRO DJOJOHADIKUSUMO\nKOMPLEK KEMENTERIAN KEUANGAN REPUBLIK INDONESIA', '021500655', '085500655', 'OTORITAS@GMAIL.COM'),
(208, 'Our Daily Bread Ministries', 31, 3175, 2, 'JL. TAMPAK SIRING, BLOK KJC NO. 1 - 10', '02129028950', '08529028950', 'OUR@GMAIL.COM'),
(209, 'Ouval Research', 32, 3204, 2, 'JL. BUAH BATU NO. 64', '081294064703', '085294064703', 'OUVAL@GMAIL.COM'),
(210, 'Pacific Place Mall', 31, 3171, 2, 'PASIFIC PLACE LEVEL B1 SCBD', '021-51400988', '085-51400988', 'PACIFIC@GMAIL.COM'),
(211, 'Padma Hotel Bandung', 32, 3204, 2, 'JL. RANCA BENTANG NO. 56 - 58', '0222030333', '0852030333', 'PADMA@GMAIL.COM'),
(212, 'Pappilon Media Group', 31, 3171, 2, 'JL. GATOT SUBROTO KAV. 27', '02152880121', '08552880121', 'PAPPILON@GMAIL.COM'),
(213, 'Pathfinders', 31, 3171, 2, 'GEDUNG OLEOS 1 LT. 2', '02152880122', '08552880122', 'PATHFINDERS@GMAIL.COM'),
(214, 'PD. Makmur Jaya 88', 32, 3204, 2, 'JL. CIGONDEWAH RAHAYU NO. 88C', '081221888788', '085221888788', 'PD.@GMAIL.COM'),
(215, 'PDAM Tirtawening Kota Bandung', 32, 3204, 2, 'JL. BADAK SINGA NO. 10', '0222509030', '0852509030', 'PDAM@GMAIL.COM'),
(216, 'Penerbit Alfa Beta', 32, 3204, 2, 'JL. GEGERKALONG HILIR NO. 84', '08112139484', '08512139484', 'PENERBIT@GMAIL.COM'),
(217, 'Persib Bandung', 32, 3204, 2, 'JL. SULANJANA NO. 6', '0224221933', '0854221933', 'PERSIB@GMAIL.COM'),
(218, 'Petshopbox Studio', 32, 3204, 2, 'JL. JALAK NO. 4', '0224221934', '0854221934', 'PETSHOPBOX@GMAIL.COM'),
(219, 'Pikiran Rakyat', 32, 3204, 2, 'JL. SOEKARNO HATTA NO. 147', '0224221935', '0854221935', 'PIKIRAN@GMAIL.COM'),
(220, 'Politeknik Negeri Bandung', 32, 3204, 2, 'JL. GEGERKALONG HILIR, DESA CIWARUGA', '0222013789', '0852013789', 'POLITEKNIK@GMAIL.COM'),
(221, 'Prosus Inten', 32, 3204, 2, 'JL. ACEH NO. 62', '0224203371', '0854203371', 'PROSUS@GMAIL.COM'),
(222, 'PT ELNUSA Tbk', 31, 3171, 2, 'GRAHA ELNUSA, LT.6', '02178830850', '08578830850', 'PT@GMAIL.COM'),
(223, 'PT Ultrajaya Milk Industry Tbk.', 32, 3204, 2, 'JL. RAYA CIMAREME NO. 131, PADALARANG', '02286700700', '08586700700', 'PT@GMAIL.COM'),
(224, 'PT. Abadi Bangun Bersama', 32, 0, 2, 'KOPO MAS REGENSI BLOK C8', '0225436599', '0855436599', 'PT.@GMAIL.COM'),
(225, 'PT. Adeha Metalindo', 32, 0, 2, 'DELTA SILICON INDUSTRIAL PARK', '0216245508', '0856245508', 'PT.@GMAIL.COM'),
(226, 'PT. Adetex', 32, 3204, 2, 'JL. DAYANG SUMBI NO. 4', '0222508246', '0852508246', 'PT.@GMAIL.COM'),
(227, 'PT. Adira Dinamika Multifinance', 32, 0, 2, 'JL. LETJEN SUPRAPTO NO.3', '0260421172', '0850421172', 'PT.@GMAIL.COM'),
(228, 'PT. Aero Terra Indonesia', 32, 3204, 2, 'JL. H. WASID NO. 17', '0222502323', '0852502323', 'PT.@GMAIL.COM'),
(229, 'PT. AERO-COMM', 32, 3204, 2, 'JL. AEROMODELING IV NO. 5 ARCAMANIK', '02270367819', '08570367819', 'PT.@GMAIL.COM'),
(230, 'PT. Agansa Primatama', 32, 3204, 2, 'KOPO PLAZA BLOK D-19', '0226070718', '0856070718', 'PT.@GMAIL.COM'),
(231, 'PT. Akur Pratama', 32, 3204, 2, 'JL. SUNDA NO. 80 - 84', '0224207288', '0854207288', 'PT.@GMAIL.COM'),
(232, 'PT. Alfamart Bandung', 32, 3204, 2, 'JL. SOEKARNO HATTA NO . 791', '0227800118', '0857800118', 'PT.@GMAIL.COM'),
(233, 'PT. Alitex', 32, 0, 2, 'JL. KAMPUNG WAAS RT 006/01', '0225944706', '0855944706', 'PT.@GMAIL.COM'),
(234, 'PT. Amidis Tirta Mulia', 32, 0, 2, 'JL. RAYA CIMAREME NO. 273', '08156055203', '08556055203', 'PT.@GMAIL.COM'),
(235, 'PT. Anabatic Technologies, Tbk', 31, 3171, 2, 'GRAHA BIP 7TH FLOOR', '0215229909', '0855229909', 'PT.@GMAIL.COM'),
(236, 'PT. Angkasa Group', 32, 3204, 2, 'JL. CIPAGALO NO. 24', '0215229910', '0855229910', 'PT.@GMAIL.COM'),
(237, 'PT. Angkasa Pura I (Persero)', 32, 5103, 2, 'GEDUNG WISTI SABHA LT. 3', '0215229911', '0855229911', 'PT.@GMAIL.COM'),
(238, 'PT. Angkasa Pura II (Persero)', 32, 0, 2, 'PT. ANGKASA PURA II (PERSERO)', '06188880300', '08588880300', 'PT.@GMAIL.COM'),
(239, 'PT. Angkasa Pura Retail', 31, 3173, 2, 'JL. MERPATI C2 NO. 50', '02165850587', '08565850587', 'PT.@GMAIL.COM'),
(240, 'PT. Anugrah Arcon Medica', 32, 3603, 2, 'JL. BOULEVARD BINTARO BLOK B7/B1 NO. 5', '0217454222', '0857454222', 'PT.@GMAIL.COM'),
(241, 'PT. Anugrah Busana Indah', 31, 3171, 2, 'KOMP. RUKO ATAP MERAH', '0213863330', '0853863330', 'PT.@GMAIL.COM'),
(242, 'PT. Aplikanusa Lintasarta', 32, 0, 2, 'INDOSAT BUILDING 4TH FLOOR', '05423030043', '08523030043', 'PT.@GMAIL.COM'),
(243, 'PT. Aprilis Maju Media', 32, 0, 2, 'JL. KEBAYORAN LAMA NO. 2C', '02153652430', '08553652430', 'PT.@GMAIL.COM'),
(244, 'PT. Aprilis Maju Media (Gogirl Magazine)', 31, 3171, 2, 'JL. RAYA KEBAYORAN LAMA NO. 2C', '02153654230', '08553654230', 'PT.@GMAIL.COM'),
(245, 'PT. Arabesque Ciptakarya Abadi', 32, 3204, 2, 'JL. CILAKI NO. 3', '0227237199', '0857237199', 'PT.@GMAIL.COM'),
(246, 'PT. ARS (Three Rey)', 32, 0, 2, 'JLN. BIHBUL RAYA NO. 70', '0225412675', '0855412675', 'PT.@GMAIL.COM'),
(247, 'PT. ARS Bandung', 32, 3204, 2, 'JL. BIHBUL RAYA NO. 70', '0225412676', '0855412676', 'PT.@GMAIL.COM'),
(248, 'PT. Arsa Grup Indonesia', 32, 3204, 2, 'JL. BAKTI NO. 35', '0222043459', '0852043459', 'PT.@GMAIL.COM'),
(249, 'PT. Arsya Sugih Barokah', 31, 3172, 2, 'MALL GRAND CAKUNG', '02198516002', '08598516002', 'PT.@GMAIL.COM'),
(250, 'PT. Artisan Wahyu', 31, 3171, 2, 'JL. SULTAN ISKANDAR MUDA', '02129052888', '08529052888', 'PT.@GMAIL.COM'),
(251, 'PT. Asia Pasific Fiber Tbk', 32, 3215, 2, 'JL. RAYA KLARI', '02129052889', '08529052889', 'PT.@GMAIL.COM'),
(252, 'PT. Asta Atria Surya (Asatsu)', 32, 0, 2, 'JL. LETNAN JENDRAL S. PARMAN KAV. 12', '0215307155', '0855307155', 'PT.@GMAIL.COM'),
(253, 'PT. Astra Aviva Life', 31, 3171, 2, 'PONDOK INDAH OFFICE TOWER 3, 1ST FLOOR', '02130422000', '08530422000', 'PT.@GMAIL.COM'),
(254, 'PT. Astra Honda Motor', 31, 3173, 2, 'JL. LAKSDA YOS SUDARSO, SUNTER 1', '02130422001', '08530422001', 'PT.@GMAIL.COM'),
(255, 'PT. Astra Internasional Cabang Setiabudi', 32, 3204, 2, 'JL. SETIABUDI NO. 68, CIDADAP', '0222042000', '0852042000', 'PT.@GMAIL.COM'),
(256, 'PT. Astra International Tbk.', 32, 3204, 2, 'JL. SOEKARNO HATTA NO. 145', '0226022000', '0856022000', 'PT.@GMAIL.COM'),
(257, 'PT. Astra International Tbk. - Daihatsu Sales Operation Head Office', 31, 3175, 2, 'JL. YOS SUDARSO KAV. 24, SUNTER II', '0216507000', '0856507000', 'PT.@GMAIL.COM'),
(258, 'PT. Astra International Tbk-Isuzu', 32, 3204, 2, 'JL. SOEKARNO HATTA NO. 438 D', '02288889000', '08588889000', 'PT.@GMAIL.COM'),
(259, 'PT. Astra International, Tbk. - Daihatsu', 32, 7171, 2, 'JL. MARTADINATA NO. 69', '0431866602', '0851866602', 'PT.@GMAIL.COM'),
(260, 'PT. Astra International, Tbk. - Isuzu', 32, 3204, 2, 'JL. SOEKARNO HATTA NO. 452', '0431866603', '0851866603', 'PT.@GMAIL.COM'),
(261, 'PT. Astra International, Tbk. - Toyota', 32, 3204, 2, 'JL. ASIA AFRIKA NO. 125', '0224242000', '0854242000', 'PT.@GMAIL.COM'),
(262, 'PT. Astra Komponen Indonesia', 32, 3201, 2, 'JL. RAYA MAYOR OKING KM. 2,2 NO. 1', '02187919119', '08587919119', 'PT.@GMAIL.COM'),
(263, 'PT. Ateja Multi Industries', 32, 0, 2, 'JL. RAYA BATUJAJAR KM. 2,8', '0226866322', '0856866322', 'PT.@GMAIL.COM'),
(264, 'PT. Ateja Tritunggal', 32, 0, 2, 'JL. RAYA BATUJAJAR KM 2,8', '0225866322', '0855866322', 'PT.@GMAIL.COM'),
(265, 'PT. Axel Indonesia', 31, 3171, 2, 'JL. RAYA GADING BATAVIA BLOK LC 10/6', '02145854437', '08545854437', 'PT.@GMAIL.COM'),
(266, 'PT. Ayoe Indotama Textile', 32, 3204, 2, 'JL. LEUWIGAJAH NO. 20', '0226030089', '0856030089', 'PT.@GMAIL.COM'),
(267, 'PT. Babcock & Wilcox Asia', 31, 3171, 2, 'BELTWAY OFFICE PARK, BUILDING C, 3A FLR. SUITE 3 A-01', '02178849200', '08578849200', 'PT.@GMAIL.COM'),
(268, 'PT. Badak NGL', 32, 0, 2, 'JL. RAYA KUTAI KOMPLEKS PT. BADAK NGL BONTANG, KALIMANTAN TIMUR', '0548552367', '0858552367', 'PT.@GMAIL.COM'),
(269, 'PT. Bahana Sysfo Utama', 31, 3171, 2, 'JL. GURU MUGHNI NO. B-3', '02152921555', '08552921555', 'PT.@GMAIL.COM'),
(270, 'PT. Bahtera Laju Nusantara', 32, 3277, 2, 'JL. INDUSTRI NO. 1', '02152921556', '08552921556', 'PT.@GMAIL.COM'),
(271, 'PT. Bahtera Wiraniaga Internusa', 31, 3171, 2, 'JL. RAYA JATINEGARA BARAT NO. 124', '0218564437', '0858564437', 'PT.@GMAIL.COM'),
(272, 'PT. Bajubang Gasindo', 32, 3277, 2, 'JL. KERKOF NO. 148', '0226671252', '0856671252', 'PT.@GMAIL.COM'),
(273, 'PT. Bali Moon', 32, 5171, 2, 'JL. MERTASARI NO. 21', '0361720718', '0851720718', 'PT.@GMAIL.COM'),
(274, 'PT. Bandung ICE', 32, 3204, 2, 'JL. MEKAR RAYA KAV. 37 GEDEBAGE ', '0227834643', '0857834643', 'PT.@GMAIL.COM'),
(275, 'PT. Bandung International Aviation', 32, 3204, 2, 'JL. PAJAJARAN 219', '0226014699', '0856014699', 'PT.@GMAIL.COM'),
(276, 'PT. Bandung Trade Center', 32, 3204, 2, 'JL. DR. DJUNJUNAN NO. 143-149', '0226033843', '0856033843', 'PT.@GMAIL.COM'),
(277, 'PT. Batik Danar Hadi', 32, 1303, 2, 'JL. DR. RADJIMAN NO. 164', '0271644126', '0851644126', 'PT.@GMAIL.COM'),
(278, 'PT. Bawean Bakery Indonesia', 32, 3204, 2, 'JL. BAWEAN NO.4', '0224205471', '0854205471', 'PT.@GMAIL.COM'),
(279, 'PT. Beton Elemendo Perkasa', 32, 3204, 2, 'JL. BATUJAJAR KM 5, NO. 56', '0226866031', '0856866031', 'PT.@GMAIL.COM'),
(280, 'PT. Bhinneka Mentari Dimensi', 31, 3173, 2, 'JL. GUNUNG SAHARI RAYA NO. 73C', '02129292628', '08529292628', 'PT.@GMAIL.COM'),
(281, 'PT. BIJC', 32, 3277, 2, 'JL. CIBALIGO NO. 6', '022634881', '085634881', 'PT.@GMAIL.COM'),
(282, 'PT. Bina Citra Kharisma Sejati', 32, 3204, 2, 'JL. CISIRUNG NO. 99/259', '0225203077', '0855203077', 'PT.@GMAIL.COM'),
(283, 'PT. Bintang Cipta Perkasa', 32, 0, 2, 'JL. LEUWI DULANG NO. 47', '0225203078', '0855203078', 'PT.@GMAIL.COM'),
(284, 'PT. Bintang Citra Motor', 32, 3204, 2, 'JL. MOH. TOHA NO. 141', '02291118071', '08591118071', 'PT.@GMAIL.COM'),
(285, 'PT. Bio Farma', 32, 3204, 2, 'JL. PASTEUR NO. 28', '0222033755', '0852033755', 'PT.@GMAIL.COM'),
(286, 'PT. BJIC', 32, 3277, 2, 'JL. CIBALIGO NO. 6', '022634881', '085634881', 'PT.@GMAIL.COM'),
(287, 'PT. BNI', 31, 3173, 2, 'PT. BNI DIVISI ONL LT. 1', '0212511946', '0852511946', 'PT.@GMAIL.COM'),
(288, 'PT. Bonli Cipta Sejahtera', 32, 3204, 2, 'JL. BOJONG KONENG ATAS NO. 43', '0227104816', '0857104816', 'PT.@GMAIL.COM'),
(289, 'PT. Bridgestone Sumatera Rubber Estate', 32, 1273, 2, 'JL. EMPLASEMEN', '0622465031', '0852465031', 'PT.@GMAIL.COM'),
(290, 'PT. Broca Media Nusantara', 32, 3204, 2, 'JL. RANCABALI NO. 153', '02293651414', '08593651414', 'PT.@GMAIL.COM'),
(291, 'PT. Bumiputera', 32, 3204, 2, 'JL. ASIA AFRIKA NO. 141-149', '02293651415', '08593651415', 'PT.@GMAIL.COM'),
(292, 'PT. Bursa Media Komunika', 32, 0, 2, 'JL. H.R. RASUNA SAID KAV. 3 - 4', '02129888418', '08529888418', 'PT.@GMAIL.COM'),
(293, 'PT. Cahaya Kurnia', 32, 0, 2, 'JL. PARALON NO. 18', '0811227037', '0851227037', 'PT.@GMAIL.COM'),
(294, 'PT. Cahaya Kurnia Permai', 32, 0, 2, 'JL. TERUSAN KERKOF, DESA GIRI ASIH', '0226864186', '0856864186', 'PT.@GMAIL.COM'),
(295, 'PT. Caladi 59', 32, 3204, 2, 'JL. CIGADUNG RAYA TIMUR NO. 107', '082120113959', '085120113959', 'PT.@GMAIL.COM'),
(296, 'PT. Campina Ice Cream Industry', 32, 3578, 2, 'JL. RUNGKUT INDUSTRI II NO. 15-17', '0318432247', '0858432247', 'PT.@GMAIL.COM'),
(297, 'PT. Cemara Agung', 32, 3204, 2, 'JL. DIPATIUKUR NO. 77', '0222505007', '0852505007', 'PT.@GMAIL.COM'),
(298, 'PT. Central Georgette Nusantara', 32, 3204, 2, 'JL. CIBALIGO NO. 45 KM 1.7', '0226040909', '0856040909', 'PT.@GMAIL.COM'),
(299, 'PT. Chitose Internasional, Tbk', 32, 3277, 2, 'JL. INDUSTRI III NO. 05', '0226031900', '0856031900', 'PT.@GMAIL.COM'),
(300, 'PT. Ciptamedia Kreasi Mandiri', 32, 3204, 2, 'JL. RAJAMANTRI TGH BI IV/12', '0226031901', '0856031901', 'PT.@GMAIL.COM'),
(301, 'PT. Citra Jaya Putra Utama', 32, 0, 2, 'JL. CEMARA 8 NO. 48', '0222035307', '0852035307', 'PT.@GMAIL.COM'),
(302, 'PT. Citra Lintas Indonesia (Lowe)', 32, 0, 2, 'JL. SULTAN HASANUDIN KAV. 47 - 51', '02129279279', '08529279279', 'PT.@GMAIL.COM'),
(303, 'PT. Citra Tubindo Engineering', 32, 0, 2, 'UNIT S1-12 KAV. A9-F', '0778711368', '0858711368', 'PT.@GMAIL.COM'),
(304, 'PT. Clarisense Digital Media', 32, 3204, 2, 'JL. CIGADUNG RAYA TIMUR NO. 108E', '0222508194', '0852508194', 'PT.@GMAIL.COM'),
(305, 'PT. Coca Cola Amatil Indonesia', 32, 3216, 2, 'JL. TEUKU UMAR KM. 46', '02188322222', '08588322222', 'PT.@GMAIL.COM'),
(306, 'PT. Coca Cola Bottling Indonesia', 32, 3211, 2, 'JL. RAYA BANDUNG GARUT KM. 26', '0227795500', '0857795500', 'PT.@GMAIL.COM'),
(307, 'PT. Columbus', 32, 3204, 2, 'JL. PASIRKOJA NO. 100', '0227795501', '0857795501', 'PT.@GMAIL.COM'),
(308, 'PT. Combiphar Padalarang', 32, 0, 2, 'JL. RAYA SIMPANG NO. 383', '0226809129', '0856809129', 'PT.@GMAIL.COM'),
(309, 'PT. Coppal Utama Indonesia Manufacturing', 32, 3204, 2, 'KAWASAN INDUSTRI MEKAR RAYA KAVLING 37', '0227802207', '0857802207', 'PT.@GMAIL.COM'),
(310, 'PT. Cottonindo Ariesta', 32, 3204, 2, 'JL. TAMAN HOLIS INDAH II RUKO IIA NO. 21', '02286066518', '08586066518', 'PT.@GMAIL.COM'),
(311, 'PT. Cyberindo Aditama', 31, 3171, 2, 'CYBER 2 TOWER 33RD FLOOR', '02286066519', '08586066519', 'PT.@GMAIL.COM'),
(312, 'PT. Dai Ichi Kikaku', 31, 3174, 2, 'JL. JEND S. PARMAN KAV. 12', '02286066520', '08586066520', 'PT.@GMAIL.COM'),
(313, 'PT. Daya Adicipta Mustika', 32, 3204, 2, 'JL. RAYA CIBEUREUM NO. 26', '0226051033', '0856051033', 'PT.@GMAIL.COM'),
(314, 'PT. Daya Anugerah Mandiri', 32, 3204, 2, 'JL. ASIA AFRIKA NO. 138', '0224222225', '0854222225', 'PT.@GMAIL.COM'),
(315, 'PT. Delami Garment Industries', 32, 3204, 2, 'JL. SOEKARNO HATTA NO. 571', '0227300333', '0857300333', 'PT.@GMAIL.COM'),
(316, 'PT. Deno Canning Company', 32, 7172, 2, 'JL. RAYA MADIDIR', '043821390', '085821390', 'PT.@GMAIL.COM'),
(317, 'PT. Dentsu Inter Admark Media Grup Indonesia', 31, 3171, 2, 'GRAHA CIMB NIAGA 22ND FLOOR', '0212505020', '0852505020', 'PT.@GMAIL.COM'),
(318, 'PT. Dentsu Sparks', 31, 3171, 2, 'PLAZA BAPINDO MANDIRI TOWER 26TH FLOOR,', '02129950042', '08529950042', 'PT.@GMAIL.COM'),
(319, 'PT. Dewhirst Menswear Indonesia', 32, 3211, 2, 'JL. RANCAEKEK KM. 27', '0227798800', '0857798800', 'PT.@GMAIL.COM'),
(320, 'PT. Dexa Group', 32, 0, 2, 'JL. BOULEVARD BINTARO BLOK B7/B1 NO. 5', '021745111', '085745111', 'PT.@GMAIL.COM'),
(321, 'PT. Dexa Medica', 32, 3603, 2, 'JL. BOULEVARD BINTARO BLOCK B7/B1 NO. 05', '0217454111', '0857454111', 'PT.@GMAIL.COM'),
(322, 'PT. Dhanar Mas Concern', 32, 0, 2, 'JL. CISIRUNG - CITEPUS', '0225202978', '0855202978', 'PT.@GMAIL.COM'),
(323, 'PT. Dharma Polimetal', 32, 0, 2, 'DELTA SILICON I', '0218974559', '0858974559', 'PT.@GMAIL.COM'),
(324, 'PT. Dian Megah Indo Perkasa', 32, 3277, 2, 'JL. ABDUL HALIM NO. 30', '0226656000', '0856656000', 'PT.@GMAIL.COM'),
(325, 'PT. Digital Semantika Indonesia', 32, 3204, 2, 'JL. BIOLOGI NO. 22', '0222501463', '0852501463', 'PT.@GMAIL.COM'),
(326, 'PT. Dinamika Raya Prima (Biznet Technovillage)', 32, 0, 2, 'JL. BIZNET TECHNOVILLAGE NO. 1', '02129299300', '08529299300', 'PT.@GMAIL.COM'),
(327, 'PT. Dirgantara Indonesia (Persero)', 32, 3204, 2, 'JL. PAJAJARAN NO. 154', '0226040606', '0856040606', 'PT.@GMAIL.COM'),
(328, 'PT. Dua Esa Abadi', 32, 3204, 2, 'JL. TAMAN KOPO INDAH III BLOK D NO. 57', '0225422581', '0855422581', 'PT.@GMAIL.COM'),
(329, 'PT. Dwidaya World Wide', 32, 3204, 2, 'JL. PASIRKALIKI NO. 203', '02282066575', '08582066575', 'PT.@GMAIL.COM'),
(330, 'PT. eBdesk Teknologi', 32, 0, 2, 'JL. RADEN PATAH NO. 21', '0222502423', '0852502423', 'PT.@GMAIL.COM'),
(331, 'PT. Ecogreen Oleochemicals Batam', 32, 0, 2, 'JL. PELABUHAN KABIL', '0778711002', '0858711002', 'PT.@GMAIL.COM'),
(332, 'PT. Egbit Digital', 32, 3204, 2, 'JL. SUKASENANG V NO. 14', '0227237163', '0857237163', 'PT.@GMAIL.COM'),
(333, 'PT. Eigerindo Multi Product Industry', 32, 0, 2, 'JL. RAYA SOREANG KM 11.5 NO 127A', '02287786779', '08587786779', 'PT.@GMAIL.COM'),
(334, 'PT. E-Motion Entertainment', 31, 3173, 2, 'JL. BLORA NO. 5 - 6', '0213102888', '0853102888', 'PT.@GMAIL.COM'),
(335, 'PT. Enseval Putera Mega Trading, Tbk.', 32, 3204, 2, 'JL. SOEKARNO HATTA NO. 344', '0225407124', '0855407124', 'PT.@GMAIL.COM'),
(336, 'PT. Ewindo', 32, 3204, 2, 'JL. CIMUNCANG NO. 68', '0225407125', '0855407125', 'PT.@GMAIL.COM'),
(337, 'PT. Fantastis Anak Bangsa - Besok Sabtu Agency', 31, 3171, 2, 'JL. MARGAGUNA I NO. 8A\nRADIO DALAM RAYA, GANDARIA UTARA', '0217227522', '0857227522', 'PT.@GMAIL.COM'),
(338, 'PT. Fastrata Buana (Kapal Api)', 31, 3173, 2, 'JL. JATIBARU BARAT NO. 1 - 3', '0213503880', '0853503880', 'PT.@GMAIL.COM'),
(339, 'PT. Flux Asia Solusindo', 31, 3174, 2, 'PURI MANSION', '02170805617', '08570805617', 'PT.@GMAIL.COM'),
(340, 'PT. Fortune Indonesia', 32, 0, 2, 'JL. HARSONO R. M. NO. 2', '0217827989', '0857827989', 'PT.@GMAIL.COM'),
(341, 'PT. Freeport Indonesia', 32, 0, 2, 'TEMBAGAPURA, PAPUA', '0901404080', '0851404080', 'PT.@GMAIL.COM'),
(342, 'PT. Fresh Creative', 31, 3171, 2, 'GRAHA IRAMA BULILDING UNIT 6F', '0215210851', '0855210851', 'PT.@GMAIL.COM'),
(343, 'PT. Fuji Technica Indonesia (Astra Motor Group)', 32, 3215, 2, 'JL. TOL JAKARTA - CIKAMPEK KM. 47', '0218902550', '0858902550', 'PT.@GMAIL.COM'),
(344, 'PT. Garuda Food Group', 31, 3171, 2, 'WISMA GARUDA FOOD 1 & 2', '0217290110', '0857290110', 'PT.@GMAIL.COM'),
(345, 'PT. Garuda Indonesia  (Persero) Tbk.', 32, 3204, 2, 'GD. ANNEX GRAHA BUMI PUTRA', '0224209468', '0854209468', 'PT.@GMAIL.COM'),
(346, 'PT. gCloud Teknologi Informasi', 32, 3204, 2, 'WGS BUILDING', '0224209469', '0854209469', 'PT.@GMAIL.COM'),
(347, 'PT. Genta Cipta Komunika (Oray Studio)', 32, 3204, 2, 'JL. CEMARA NO. 22', '0224209470', '0854209470', 'PT.@GMAIL.COM'),
(348, 'PT. Gerbang Semesta - Surfer Girl', 32, 5171, 2, 'JL. LEGIAN NO. 138', '0224209471', '0854209471', 'PT.@GMAIL.COM'),
(349, 'PT. Gistex', 32, 0, 2, 'JL. NANJUNG NO. 82', '0226670042', '0856670042', 'PT.@GMAIL.COM'),
(350, 'PT. Global Informasi Bermutu (Global TV)', 31, 3174, 2, 'KOMPLEK RCTI', '0215360601', '0855360601', 'PT.@GMAIL.COM'),
(351, 'PT. Goodrich Pindad Aeronautical System Indonesia', 32, 3204, 2, 'JL. GATOT SUBROTO NO. 517', '0227306486', '0857306486', 'PT.@GMAIL.COM'),
(352, 'PT. Gramedia Media Nusantara', 32, 0, 2, 'KOMPAS TV BUILDING', '0227306487', '0857306487', 'PT.@GMAIL.COM'),
(353, 'PT. Griya Pratama', 32, 3204, 2, 'JL. SOEKARNO HATTA NO. 236', '', '', 'PT.@GMAIL.COM'),
(354, 'PT. Gudang Garam', 32, 3204, 2, 'JL. SOEKARNO HATTA NO. 703', '022310660', '085310660', 'PT.@GMAIL.COM'),
(355, 'PT. H.M. Sampoerna Tbk.', 31, 3171, 2, 'ONE PACIFIC PLACE, LANTAI 18\nSUDIRMAN CENTRAL BUSINESS DISTRICT (SCBD)', '022310661', '085310661', 'PT.@GMAIL.COM'),
(356, 'PT. Hadtex', 32, 3204, 2, 'JL. CISIRUNG KM 2,2 NO. 33 - 36', '022310662', '085310662', 'PT.@GMAIL.COM'),
(357, 'PT. Hakuhodo Indonesia', 31, 3171, 2, 'JL. PRAPANCA RAYA NO. 39', '022310663', '085310663', 'PT.@GMAIL.COM'),
(358, 'PT. Halliburton', 32, 0, 2, 'DESA PINGGIR', '022310664', '085310664', 'PT.@GMAIL.COM'),
(359, 'PT. Harapan Kota Terang (Jonas Photo)', 32, 3204, 2, 'JL. PROGO NO. 12', '0224219452', '0854219452', 'PT.@GMAIL.COM'),
(360, 'PT. Hasil Abadi Perdana', 32, 3578, 2, 'JL. RUNGKUT INDUSTRI II/08', '0318437711', '0858437711', 'PT.@GMAIL.COM'),
(361, 'PT. Heksatex Indah', 32, 3277, 2, 'JL. NANJUNG KM. 2, DESA LAGADAR, KAMPUNG MENCUT', '0318437712', '0858437712', 'PT.@GMAIL.COM'),
(362, 'PT. Hindo Indonesia', 32, 0, 2, 'GANDARIA 8 - OFFICE TOWER 21ST FLOOR, UNIT A', '0318437713', '0858437713', 'PT.@GMAIL.COM'),
(363, 'PT. Hyperintel Solutions', 31, 3173, 2, 'CITYWALK - CITYLOFT', '02129918982,02129918', '08529918982,02129918', 'PT.@GMAIL.COM'),
(364, 'PT. Ice House', 31, 3171, 2, 'GRAHA TIRTADI 3RD FL.', '', '', 'PT.@GMAIL.COM'),
(365, 'PT. ICS Seafood', 32, 3515, 2, 'JL. RAYA WARU NO. 30A, WARU', '0318532200', '0858532200', 'PT.@GMAIL.COM'),
(366, 'PT. Idea Imaji Persada', 32, 3204, 2, 'PARAHYANGAN BUSINESS PARK BLOK D NO. 3 THE SUITES METRO', '02287793157', '08587793157', 'PT.@GMAIL.COM'),
(367, 'PT. Ikafood Putramas Bandung', 32, 3204, 2, 'JL. PANYAWUGAN NO.6', '0227797653', '0857797653', 'PT.@GMAIL.COM'),
(368, 'PT. Indo Ducting Primatama', 32, 3204, 2, 'JL. RAYA RANCAEKEK KM. 23,7', '0227780014', '0857780014', 'PT.@GMAIL.COM'),
(369, 'PT. Indofood Sukses Makmur Bekasi', 32, 0, 2, 'JL. KAMPUNG JARASKOTA NO.1 RT 005 RW 02', '0218901166', '0858901166', 'PT.@GMAIL.COM'),
(370, 'PT. Indofood Sukses Makmur Tbk. (Cabang Bandung)', 32, 0, 2, 'JL. RAYA CARINGIN NO. 353', '0226866567', '0856866567', 'PT.@GMAIL.COM'),
(371, 'PT. Indohome Media', 31, 3173, 2, 'KSK BUILDING 3RD FLOOR', '0213855642,021385564', '0853855642,021385564', 'PT.@GMAIL.COM'),
(372, 'PT. Indonesia Asuhan Alumunium (INALUM)', 32, 0, 2, 'JL. KUALA TANJUNG,', '0614556946', '0854556946', 'PT.@GMAIL.COM'),
(373, 'PT. Indosal Pasteur (Honda Pasteur)', 32, 3204, 2, 'JL. DR. DJUNJUNAN NO 168B', '022200097', '085200097', 'PT.@GMAIL.COM'),
(374, 'PT. Indosiar Visual Mandiri', 31, 3174, 2, 'JL. DAMAI NO. 11', '0215672222,021568888', '0855672222,021568888', 'PT.@GMAIL.COM'),
(375, 'PT. Indoto Tirta Mulia', 32, 0, 2, 'JL. CILISUNG NO. 39', '0225430123', '0855430123', 'PT.@GMAIL.COM'),
(376, 'PT. Industri Kemasan Semen Gresik', 32, 0, 2, 'SOCOREJO, KEC. JANU - TUBAN', '0356491200', '0856491200', 'PT.@GMAIL.COM'),
(377, 'PT. Industri Kereta Api (Persero)', 32, 3519, 2, 'JL. YOS SUDARSO NO. 71', '0351452271,035145227', '0851452271,035145227', 'PT.@GMAIL.COM'),
(378, 'PT. Industri Telekomunikasi Indonesia', 32, 3204, 2, 'GEDUNG KANTOR PUSAT (GKP) INTI', '0225201501', '0855201501', 'PT.@GMAIL.COM'),
(379, 'PT. Inertia Utama', 32, 3603, 2, 'JL. BOULEVARD BINTARO BLOK B7/B1 NO.5', '0217453000', '0857453000', 'PT.@GMAIL.COM'),
(380, 'PT. Inovasi Tritek Informasi', 32, 3204, 2, 'JL. CUKANG KAWUNG, CIKUTRA BARAT, KOMP. PALM BRIDGE NO. 1E', '02282521603', '08582521603', 'PT.@GMAIL.COM'),
(381, 'PT. Insansandang Internusa', 32, 3211, 2, 'JL. RAYA RANCAEKEK KM. 22,5', '0227798343', '0857798343', 'PT.@GMAIL.COM'),
(382, 'PT. Integrasi Prima Logika', 32, 3204, 2, 'JL. SRISUCI NO. 7', '0225200481', '0855200481', 'PT.@GMAIL.COM'),
(383, 'PT. Intersis Sejahtera Abadi', 31, 3175, 2, 'JL. GADING TIMUR BLOK H11/8', '0214515158', '0854515158', 'PT.@GMAIL.COM'),
(384, 'PT. Inti Abadi Sentosa', 32, 3204, 2, 'JL. KAWALUYAAN NO. 12', '02287793086', '08587793086', 'PT.@GMAIL.COM'),
(385, 'PT. Jambimotor Kencana Indah (Sabang Raya Motor)', 31, 1505, 2, 'JL. D.I.PANJAITAN NO. 77 RT. 26', '074141797', '085141797', 'PT.@GMAIL.COM'),
(386, 'PT. Jaringan Semut Semesta', 32, 3603, 2, 'RUKO LAGRICOLA BLOK A NO. 55', '02129001862', '08529001862', 'PT.@GMAIL.COM'),
(387, 'PT. Kabil Citra Nusa', 32, 0, 2, 'RUKO CITRA NUSA NIAGA BLOK B, NO. 3', '0778711099', '0858711099', 'PT.@GMAIL.COM'),
(388, 'PT. Kahatex', 32, 0, 2, 'JL. RAYA RANCAEKEK KM. 22,5 NO. 25', '0227798060', '0857798060', 'PT.@GMAIL.COM'),
(389, 'PT. Kaldu Sari Nabati', 32, 3204, 2, 'JL. SOEKARNO HATTA NO. 162', '0226000666', '0856000666', 'PT.@GMAIL.COM'),
(390, 'PT. Kapal Api Global', 31, 3173, 2, 'JL. TAMAN JATI BARU NO. 1 - 3', '0213503881', '0853503881', 'PT.@GMAIL.COM'),
(391, 'PT. Kawan Lama Sejahtera', 31, 3174, 2, 'JL. PURI KENCANA NO. 1', '0215828282', '0855828282', 'PT.@GMAIL.COM'),
(392, 'PT. Kelola Mina Laut', 31, 0, 2, 'KOMPL. KAWASAN INDUSTRI GRESIK RAYA SLT BL C/5-6', '0313976351', '0853976351', 'PT.@GMAIL.COM'),
(393, 'PT. Kencana Satria Sejati Mandiri', 32, 3204, 2, 'JL. CIBIRU NO. 402', '0227271511', '0857271511', 'PT.@GMAIL.COM'),
(394, 'PT. Kereta Api Indonesia (Persero)', 32, 3471, 2, 'JL. KOESBINI NO. 1', '0274514506', '0854514506', 'PT.@GMAIL.COM'),
(395, 'PT. Ketrosden Triasmitra', 31, 3171, 2, 'JL. K.H. ABDULLAH SYAFIIE KAV. 27', '02171671188', '08571671188', 'PT.@GMAIL.COM'),
(396, 'PT. KIA Mobil Indonesia', 32, 3204, 2, 'JL. JAKARTA NO. 2', '02276956600', '08576956600', 'PT.@GMAIL.COM'),
(397, 'PT. Kimia Farma (Persero)', 32, 3204, 2, 'JL. PAJAJARAN NO. 29 - 31', '0224204044', '0854204044', 'PT.@GMAIL.COM'),
(398, 'PT. Kompas Gramedia - Group of Printing - Jakarta', 32, 0, 2, 'KOMPAS GRAMEDIA BUILDING', '0215483008', '0855483008', 'PT.@GMAIL.COM'),
(399, '0', 0, 0, 0, '0', '0', '0', '0'),
(400, 'pt.xyz', 32, 3203, 1, 'CIANJUR', '8080', '8080', 'FASDF@GMAIL.COM'),
(401, '', 0, 0, 0, '', '', '', '');

-- --------------------------------------------------------

--
-- Struktur dari tabel `t_jadwal`
--

CREATE TABLE `t_jadwal` (
  `id_jadwal` int(11) NOT NULL,
  `id_loker` int(11) DEFAULT NULL,
  `judul` varchar(50) DEFAULT NULL,
  `tgl_mulai` date DEFAULT NULL,
  `tgl_selesai` date DEFAULT NULL,
  `lokasi_prov` int(11) DEFAULT NULL,
  `lokasi_kabkot` int(11) DEFAULT NULL,
  `lokasi_alamat` text,
  `status` int(11) DEFAULT NULL
) ENGINE=InnoDB DEFAULT CHARSET=latin1;

--
-- Dumping data untuk tabel `t_jadwal`
--

INSERT INTO `t_jadwal` (`id_jadwal`, `id_loker`, `judul`, `tgl_mulai`, `tgl_selesai`, `lokasi_prov`, `lokasi_kabkot`, `lokasi_alamat`, `status`) VALUES
(1, 1, 'jadwal test sebagai kasir di PT. Alphamarts', '2018-09-19', '2018-09-30', 32, 3204, 'Jl. Raya Bandung no 41 Bandung Barat', 1),
(2, 5, 'Test Akademis', '2018-10-01', '2018-10-12', 32, 3203, 'cjr', 1);

-- --------------------------------------------------------

--
-- Struktur dari tabel `t_jurusan`
--

CREATE TABLE `t_jurusan` (
  `id_jurusan` int(11) NOT NULL,
  `nama_jurusan` varchar(50) DEFAULT NULL
) ENGINE=InnoDB DEFAULT CHARSET=latin1;

--
-- Dumping data untuk tabel `t_jurusan`
--

INSERT INTO `t_jurusan` (`id_jurusan`, `nama_jurusan`) VALUES
(1, 'Semua Jurusan'),
(2, 'Rekayasa Perangkat Lunak'),
(3, 'Teknik Komputer Jaringan'),
(4, 'Adm Perkantoran'),
(5, 'Akuntansi'),
(6, 'Pemasaran');

-- --------------------------------------------------------

--
-- Struktur dari tabel `t_kabupaten`
--

CREATE TABLE `t_kabupaten` (
  `id_prov` int(2) NOT NULL,
  `id_kabkot` int(4) NOT NULL,
  `nama_kabkot` char(40) NOT NULL
) ENGINE=InnoDB DEFAULT CHARSET=latin1;

--
-- Dumping data untuk tabel `t_kabupaten`
--

INSERT INTO `t_kabupaten` (`id_prov`, `id_kabkot`, `nama_kabkot`) VALUES
(11, 1101, 'Kabupaten Simeulue\r'),
(11, 1102, 'Kabupaten Aceh Singkil\r'),
(11, 1103, 'Kabupaten Aceh Selatan\r'),
(11, 1104, 'Kabupaten Aceh Tenggara\r'),
(11, 1105, 'Kabupaten Aceh Timur\r'),
(11, 1106, 'Kabupaten Aceh Tengah\r'),
(11, 1107, 'Kabupaten Aceh Barat\r'),
(11, 1108, 'Kabupaten Aceh Besar\r'),
(11, 1109, 'Kabupaten Pidie\r'),
(11, 1110, 'Kabupaten Bireuen\r'),
(11, 1111, 'Kabupaten Aceh Utara\r'),
(11, 1112, 'Kabupaten Aceh Barat Daya\r'),
(11, 1113, 'Kabupaten Gayo Lues\r'),
(11, 1114, 'Kabupaten Aceh Tamiang\r'),
(11, 1115, 'Kabupaten Nagan Raya\r'),
(11, 1116, 'Kabupaten Aceh Jaya\r'),
(11, 1117, 'Kabupaten Bener Meriah\r'),
(11, 1118, 'Kabupaten Pidie Jaya\r'),
(11, 1171, 'Kota Banda Aceh\r'),
(11, 1172, 'Kota Sabang\r'),
(11, 1173, 'Kota Langsa\r'),
(11, 1174, 'Kota Lhokseumawe\r'),
(11, 1175, 'Kota Subulussalam\r'),
(12, 1201, 'Kabupaten Nias\r'),
(12, 1202, 'Kabupaten Mandailing Natal\r'),
(12, 1203, 'Kabupaten Tapanuli Selatan\r'),
(12, 1204, 'Kabupaten Tapanuli Tengah\r'),
(12, 1205, 'Kabupaten Tapanuli Utara\r'),
(12, 1206, 'Kabupaten Toba Samosir\r'),
(12, 1207, 'Kabupaten Labuhan Batu\r'),
(12, 1208, 'Kabupaten Asahan\r'),
(12, 1209, 'Kabupaten Simalungun\r'),
(12, 1210, 'Kabupaten Dairi\r'),
(12, 1211, 'Kabupaten Karo\r'),
(12, 1212, 'Kabupaten Deli Serdang\r'),
(12, 1213, 'Kabupaten Langkat\r'),
(12, 1214, 'Kabupaten Nias Selatan\r'),
(12, 1215, 'Kabupaten Humbang Hasundutan\r'),
(12, 1216, 'Kabupaten Pakpak Bharat\r'),
(12, 1217, 'Kabupaten Samosir\r'),
(12, 1218, 'Kabupaten Serdang Bedagai\r'),
(12, 1219, 'Kabupaten Batu Bara\r'),
(12, 1220, 'Kabupaten Padang Lawas Utara\r'),
(12, 1221, 'Kabupaten Padang Lawas\r'),
(12, 1222, 'Kabupaten Labuhan Batu Selatan\r'),
(12, 1223, 'Kabupaten Labuhan Batu Utara\r'),
(12, 1224, 'Kabupaten Nias Utara\r'),
(12, 1225, 'Kabupaten Nias Barat\r'),
(12, 1271, 'Kota Sibolga\r'),
(12, 1272, 'Kota Tanjung Balai\r'),
(12, 1273, 'Kota Pematang Siantar\r'),
(12, 1274, 'Kota Tebing Tinggi\r'),
(12, 1275, 'Kota Medan\r'),
(12, 1276, 'Kota Binjai\r'),
(12, 1277, 'Kota Padangsidimpuan\r'),
(12, 1278, 'Kota Gunungsitoli\r'),
(13, 1301, 'Kabupaten Kepulauan Mentawai\r'),
(13, 1302, 'Kabupaten Pesisir Selatan\r'),
(13, 1303, 'Kabupaten Solok\r'),
(13, 1304, 'Kabupaten Sijunjung\r'),
(13, 1305, 'Kabupaten Tanah Datar\r'),
(13, 1306, 'Kabupaten Padang Pariaman\r'),
(13, 1307, 'Kabupaten Agam\r'),
(13, 1308, 'Kabupaten Lima Puluh Kota\r'),
(13, 1309, 'Kabupaten Pasaman\r'),
(13, 1310, 'Kabupaten Solok Selatan\r'),
(13, 1311, 'Kabupaten Dharmasraya\r'),
(13, 1312, 'Kabupaten Pasaman Barat\r'),
(13, 1371, 'Kota Padang\r'),
(13, 1372, 'Kota Solok\r'),
(13, 1373, 'Kota Sawah Lunto\r'),
(13, 1374, 'Kota Padang Panjang\r'),
(13, 1375, 'Kota Bukittinggi\r'),
(13, 1376, 'Kota Payakumbuh\r'),
(13, 1377, 'Kota Pariaman\r'),
(14, 1401, 'Kabupaten Kuantan Singingi\r'),
(14, 1402, 'Kabupaten Indragiri Hulu\r'),
(14, 1403, 'Kabupaten Indragiri Hilir\r'),
(14, 1404, 'Kabupaten Pelalawan\r'),
(14, 1405, 'Kabupaten S I A K\r'),
(14, 1406, 'Kabupaten Kampar\r'),
(14, 1407, 'Kabupaten Rokan Hulu\r'),
(14, 1408, 'Kabupaten Bengkalis\r'),
(14, 1409, 'Kabupaten Rokan Hilir\r'),
(14, 1410, 'Kabupaten Kepulauan Meranti\r'),
(14, 1471, 'Kota Pekanbaru\r'),
(14, 1473, 'Kota D U M A I\r'),
(15, 1501, 'Kabupaten Kerinci\r'),
(15, 1502, 'Kabupaten Merangin\r'),
(15, 1503, 'Kabupaten Sarolangun\r'),
(15, 1504, 'Kabupaten Batang Hari\r'),
(15, 1505, 'Kabupaten Muaro Jambi\r'),
(15, 1506, 'Kabupaten Tanjung Jabung Timur\r'),
(15, 1507, 'Kabupaten Tanjung Jabung Barat\r'),
(15, 1508, 'Kabupaten Tebo\r'),
(15, 1509, 'Kabupaten Bungo\r'),
(15, 1571, 'Kota Jambi\r'),
(15, 1572, 'Kota Sungai Penuh\r'),
(16, 1601, 'Kabupaten Ogan Komering Ulu\r'),
(16, 1602, 'Kabupaten Ogan Komering Ilir\r'),
(16, 1603, 'Kabupaten Muara Enim\r'),
(16, 1604, 'Kabupaten Lahat\r'),
(16, 1605, 'Kabupaten Musi Rawas\r'),
(16, 1606, 'Kabupaten Musi Banyuasin\r'),
(16, 1607, 'Kabupaten Banyu Asin\r'),
(16, 1608, 'Kabupaten Ogan Komering Ulu Selatan\r'),
(16, 1609, 'Kabupaten Ogan Komering Ulu Timur\r'),
(16, 1610, 'Kabupaten Ogan Ilir\r'),
(16, 1611, 'Kabupaten Empat Lawang\r'),
(16, 1671, 'Kota Palembang\r'),
(16, 1672, 'Kota Prabumulih\r'),
(16, 1673, 'Kota Pagar Alam\r'),
(16, 1674, 'Kota Lubuklinggau\r'),
(17, 1701, 'Kabupaten Bengkulu Selatan\r'),
(17, 1702, 'Kabupaten Rejang Lebong\r'),
(17, 1703, 'Kabupaten Bengkulu Utara\r'),
(17, 1704, 'Kabupaten Kaur\r'),
(17, 1705, 'Kabupaten Seluma\r'),
(17, 1706, 'Kabupaten Mukomuko\r'),
(17, 1707, 'Kabupaten Lebong\r'),
(17, 1708, 'Kabupaten Kepahiang\r'),
(17, 1709, 'Kabupaten Bengkulu Tengah\r'),
(17, 1771, 'Kota Bengkulu\r'),
(18, 1801, 'Kabupaten Lampung Barat\r'),
(18, 1802, 'Kabupaten Tanggamus\r'),
(18, 1803, 'Kabupaten Lampung Selatan\r'),
(18, 1804, 'Kabupaten Lampung Timur\r'),
(18, 1805, 'Kabupaten Lampung Tengah\r'),
(18, 1806, 'Kabupaten Lampung Utara\r'),
(18, 1807, 'Kabupaten Way Kanan\r'),
(18, 1808, 'Kabupaten Tulangbawang\r'),
(18, 1809, 'Kabupaten Pesawaran\r'),
(18, 1810, 'Kabupaten Pringsewu\r'),
(18, 1811, 'Kabupaten Mesuji\r'),
(18, 1812, 'Kabupaten Tulang Bawang Barat\r'),
(18, 1871, 'Kota Bandar Lampung\r'),
(18, 1872, 'Kota Metro\r'),
(19, 1901, 'Kabupaten Bangka\r'),
(19, 1902, 'Kabupaten Belitung\r'),
(19, 1903, 'Kabupaten Bangka Barat\r'),
(19, 1904, 'Kabupaten Bangka Tengah\r'),
(19, 1905, 'Kabupaten Bangka Selatan\r'),
(19, 1906, 'Kabupaten Belitung Timur\r'),
(19, 1971, 'Kota Pangkal Pinang\r'),
(21, 2101, 'Kabupaten Karimun\r'),
(21, 2102, 'Kabupaten Bintan\r'),
(21, 2103, 'Kabupaten Natuna\r'),
(21, 2104, 'Kabupaten Lingga\r'),
(21, 2105, 'Kabupaten Kepulauan Anambas\r'),
(21, 2171, 'Kota B A T A M\r'),
(21, 2172, 'Kota Tanjung Pinang\r'),
(31, 3101, 'Kabupaten Kepulauan Seribu\r'),
(31, 3171, 'Kota Jakarta Selatan\r'),
(31, 3172, 'Kota Jakarta Timur\r'),
(31, 3173, 'Kota Jakarta Pusat\r'),
(31, 3174, 'Kota Jakarta Barat\r'),
(31, 3175, 'Kota Jakarta Utara\r'),
(32, 3201, 'Kabupaten Bogor\r'),
(32, 3202, 'Kabupaten Sukabumi\r'),
(32, 3203, 'Kabupaten Cianjur\r'),
(32, 3204, 'Kabupaten Bandung\r'),
(32, 3205, 'Kabupaten Garut\r'),
(32, 3206, 'Kabupaten Tasikmalaya\r'),
(32, 3207, 'Kabupaten Ciamis\r'),
(32, 3208, 'Kabupaten Kuningan\r'),
(32, 3209, 'Kabupaten Cirebon\r'),
(32, 3210, 'Kabupaten Majalengka\r'),
(32, 3211, 'Kabupaten Sumedang\r'),
(32, 3212, 'Kabupaten Indramayu\r'),
(32, 3213, 'Kabupaten Subang\r'),
(32, 3214, 'Kabupaten Purwakarta\r'),
(32, 3215, 'Kabupaten Karawang\r'),
(32, 3216, 'Kabupaten Bekasi\r'),
(32, 3217, 'Kabupaten Bandung Barat\r'),
(32, 3271, 'Kota Bogor\r'),
(32, 3272, 'Kota Sukabumi\r'),
(32, 3273, 'Kota Bandung\r'),
(32, 3274, 'Kota Cirebon\r'),
(32, 3275, 'Kota Bekasi\r'),
(32, 3276, 'Kota Depok\r'),
(32, 3277, 'Kota Cimahi\r'),
(32, 3278, 'Kota Tasikmalaya\r'),
(32, 3279, 'Kota Banjar\r'),
(33, 3301, 'Kabupaten Cilacap\r'),
(33, 3302, 'Kabupaten Banyumas\r'),
(33, 3303, 'Kabupaten Purbalingga\r'),
(33, 3304, 'Kabupaten Banjarnegara\r'),
(33, 3305, 'Kabupaten Kebumen\r'),
(33, 3306, 'Kabupaten Purworejo\r'),
(33, 3307, 'Kabupaten Wonosobo\r'),
(33, 3308, 'Kabupaten Magelang\r'),
(33, 3309, 'Kabupaten Boyolali\r'),
(33, 3310, 'Kabupaten Klaten\r'),
(33, 3311, 'Kabupaten Sukoharjo\r'),
(33, 3312, 'Kabupaten Wonogiri\r'),
(33, 3313, 'Kabupaten Karanganyar\r'),
(33, 3314, 'Kabupaten Sragen\r'),
(33, 3315, 'Kabupaten Grobogan\r'),
(33, 3316, 'Kabupaten Blora\r'),
(33, 3317, 'Kabupaten Rembang\r'),
(33, 3318, 'Kabupaten Pati\r'),
(33, 3319, 'Kabupaten Kudus\r'),
(33, 3320, 'Kabupaten Jepara\r'),
(33, 3321, 'Kabupaten Demak\r'),
(33, 3322, 'Kabupaten Semarang\r'),
(33, 3323, 'Kabupaten Temanggung\r'),
(33, 3324, 'Kabupaten Kendal\r'),
(33, 3325, 'Kabupaten Batang\r'),
(33, 3326, 'Kabupaten Pekalongan\r'),
(33, 3327, 'Kabupaten Pemalang\r'),
(33, 3328, 'Kabupaten Tegal\r'),
(33, 3329, 'Kabupaten Brebes\r'),
(33, 3371, 'Kota Magelang\r'),
(33, 3372, 'Kota Surakarta\r'),
(33, 3373, 'Kota Salatiga\r'),
(33, 3374, 'Kota Semarang\r'),
(33, 3375, 'Kota Pekalongan\r'),
(33, 3376, 'Kota Tegal\r'),
(34, 3401, 'Kabupaten Kulon Progo\r'),
(34, 3402, 'Kabupaten Bantul\r'),
(34, 3403, 'Kabupaten Gunung Kidul\r'),
(34, 3404, 'Kabupaten Sleman\r'),
(34, 3471, 'Kota Yogyakarta\r'),
(35, 3501, 'Kabupaten Pacitan\r'),
(35, 3502, 'Kabupaten Ponorogo\r'),
(35, 3503, 'Kabupaten Trenggalek\r'),
(35, 3504, 'Kabupaten Tulungagung\r'),
(35, 3505, 'Kabupaten Blitar\r'),
(35, 3506, 'Kabupaten Kediri\r'),
(35, 3507, 'Kabupaten Malang\r'),
(35, 3508, 'Kabupaten Lumajang\r'),
(35, 3509, 'Kabupaten Jember\r'),
(35, 3510, 'Kabupaten Banyuwangi\r'),
(35, 3511, 'Kabupaten Bondowoso\r'),
(35, 3512, 'Kabupaten Situbondo\r'),
(35, 3513, 'Kabupaten Probolinggo\r'),
(35, 3514, 'Kabupaten Pasuruan\r'),
(35, 3515, 'Kabupaten Sidoarjo\r'),
(35, 3516, 'Kabupaten Mojokerto\r'),
(35, 3517, 'Kabupaten Jombang\r'),
(35, 3518, 'Kabupaten Nganjuk\r'),
(35, 3519, 'Kabupaten Madiun\r'),
(35, 3520, 'Kabupaten Magetan\r'),
(35, 3521, 'Kabupaten Ngawi\r'),
(35, 3522, 'Kabupaten Bojonegoro\r'),
(35, 3523, 'Kabupaten Tuban\r'),
(35, 3524, 'Kabupaten Lamongan\r'),
(35, 3525, 'Kabupaten Gresik\r'),
(35, 3526, 'Kabupaten Bangkalan\r'),
(35, 3527, 'Kabupaten Sampang\r'),
(35, 3528, 'Kabupaten Pamekasan\r'),
(35, 3529, 'Kabupaten Sumenep\r'),
(35, 3571, 'Kota Kediri\r'),
(35, 3572, 'Kota Blitar\r'),
(35, 3573, 'Kota Malang\r'),
(35, 3574, 'Kota Probolinggo\r'),
(35, 3575, 'Kota Pasuruan\r'),
(35, 3576, 'Kota Mojokerto\r'),
(35, 3577, 'Kota Madiun\r'),
(35, 3578, 'Kota Surabaya\r'),
(35, 3579, 'Kota Batu\r'),
(36, 3601, 'Kabupaten Pandeglang\r'),
(36, 3602, 'Kabupaten Lebak\r'),
(36, 3603, 'Kabupaten Tangerang\r'),
(36, 3604, 'Kabupaten Serang\r'),
(36, 3671, 'Kota Tangerang\r'),
(36, 3672, 'Kota Cilegon\r'),
(36, 3673, 'Kota Serang\r'),
(36, 3674, 'Kota Tangerang Selatan\r'),
(51, 5101, 'Kabupaten Jembrana\r'),
(51, 5102, 'Kabupaten Tabanan\r'),
(51, 5103, 'Kabupaten Badung\r'),
(51, 5104, 'Kabupaten Gianyar\r'),
(51, 5105, 'Kabupaten Klungkung\r'),
(51, 5106, 'Kabupaten Bangli\r'),
(51, 5107, 'Kabupaten Karang Asem\r'),
(51, 5108, 'Kabupaten Buleleng\r'),
(51, 5171, 'Kota Denpasar\r'),
(52, 5201, 'Kabupaten Lombok Barat\r'),
(52, 5202, 'Kabupaten Lombok Tengah\r'),
(52, 5203, 'Kabupaten Lombok Timur\r'),
(52, 5204, 'Kabupaten Sumbawa\r'),
(52, 5205, 'Kabupaten Dompu\r'),
(52, 5206, 'Kabupaten Bima\r'),
(52, 5207, 'Kabupaten Sumbawa Barat\r'),
(52, 5208, 'Kabupaten Lombok Utara\r'),
(52, 5271, 'Kota Mataram\r'),
(52, 5272, 'Kota Bima\r'),
(53, 5301, 'Kabupaten Sumba Barat\r'),
(53, 5302, 'Kabupaten Sumba Timur\r'),
(53, 5303, 'Kabupaten Kupang\r'),
(53, 5304, 'Kabupaten Timor Tengah Selatan\r'),
(53, 5305, 'Kabupaten Timor Tengah Utara\r'),
(53, 5306, 'Kabupaten Belu\r'),
(53, 5307, 'Kabupaten Alor\r'),
(53, 5308, 'Kabupaten Lembata\r'),
(53, 5309, 'Kabupaten Flores Timur\r'),
(53, 5310, 'Kabupaten Sikka\r'),
(53, 5311, 'Kabupaten Ende\r'),
(53, 5312, 'Kabupaten Ngada\r'),
(53, 5313, 'Kabupaten Manggarai\r'),
(53, 5314, 'Kabupaten Rote Ndao\r'),
(53, 5315, 'Kabupaten Manggarai Barat\r'),
(53, 5316, 'Kabupaten Sumba Tengah\r'),
(53, 5317, 'Kabupaten Sumba Barat Daya\r'),
(53, 5318, 'Kabupaten Nagekeo\r'),
(53, 5319, 'Kabupaten Manggarai Timur\r'),
(53, 5320, 'Kabupaten Sabu Raijua\r'),
(53, 5371, 'Kota Kupang\r'),
(61, 6101, 'Kabupaten Sambas\r'),
(61, 6102, 'Kabupaten Bengkayang\r'),
(61, 6103, 'Kabupaten Landak\r'),
(61, 6104, 'Kabupaten Pontianak\r'),
(61, 6105, 'Kabupaten Sanggau\r'),
(61, 6106, 'Kabupaten Ketapang\r'),
(61, 6107, 'Kabupaten Sintang\r'),
(61, 6108, 'Kabupaten Kapuas Hulu\r'),
(61, 6109, 'Kabupaten Sekadau\r'),
(61, 6110, 'Kabupaten Melawi\r'),
(61, 6111, 'Kabupaten Kayong Utara\r'),
(61, 6112, 'Kabupaten Kubu Raya\r'),
(61, 6171, 'Kota Pontianak\r'),
(61, 6172, 'Kota Singkawang\r'),
(62, 6201, 'Kabupaten Kotawaringin Barat\r'),
(62, 6202, 'Kabupaten Kotawaringin Timur\r'),
(62, 6203, 'Kabupaten Kapuas\r'),
(62, 6204, 'Kabupaten Barito Selatan\r'),
(62, 6205, 'Kabupaten Barito Utara\r'),
(62, 6206, 'Kabupaten Sukamara\r'),
(62, 6207, 'Kabupaten Lamandau\r'),
(62, 6208, 'Kabupaten Seruyan\r'),
(62, 6209, 'Kabupaten Katingan\r'),
(62, 6210, 'Kabupaten Pulang Pisau\r'),
(62, 6211, 'Kabupaten Gunung Mas\r'),
(62, 6212, 'Kabupaten Barito Timur\r'),
(62, 6213, 'Kabupaten Murung Raya\r'),
(62, 6271, 'Kota Palangka Raya\r'),
(63, 6301, 'Kabupaten Tanah Laut\r'),
(63, 6302, 'Kabupaten Kota Baru\r'),
(63, 6303, 'Kabupaten Banjar\r'),
(63, 6304, 'Kabupaten Barito Kuala\r'),
(63, 6305, 'Kabupaten Tapin\r'),
(63, 6306, 'Kabupaten Hulu Sungai Selatan\r'),
(63, 6307, 'Kabupaten Hulu Sungai Tengah\r'),
(63, 6308, 'Kabupaten Hulu Sungai Utara\r'),
(63, 6309, 'Kabupaten Tabalong\r'),
(63, 6310, 'Kabupaten Tanah Bumbu\r'),
(63, 6311, 'Kabupaten Balangan\r'),
(63, 6371, 'Kota Banjarmasin\r'),
(63, 6372, 'Kota Banjar Baru\r'),
(64, 6401, 'Kabupaten Paser\r'),
(64, 6402, 'Kabupaten Kutai Barat\r'),
(64, 6403, 'Kabupaten Kutai Kartanegara\r'),
(64, 6404, 'Kabupaten Kutai Timur\r'),
(64, 6405, 'Kabupaten Berau\r'),
(64, 6406, 'Kabupaten Malinau\r'),
(64, 6407, 'Kabupaten Bulungan\r'),
(64, 6408, 'Kabupaten Nunukan\r'),
(64, 6409, 'Kabupaten Penajam Paser Utara\r'),
(64, 6410, 'Kabupaten Tana Tidung\r'),
(64, 6471, 'Kota Balikpapan\r'),
(64, 6472, 'Kota Samarinda\r'),
(64, 6473, 'Kota Tarakan\r'),
(64, 6474, 'Kota Bontang\r'),
(71, 7101, 'Kabupaten Bolaang Mongondow\r'),
(71, 7102, 'Kabupaten Minahasa\r'),
(71, 7103, 'Kabupaten Kepulauan Sangihe\r'),
(71, 7104, 'Kabupaten Kepulauan Talaud\r'),
(71, 7105, 'Kabupaten Minahasa Selatan\r'),
(71, 7106, 'Kabupaten Minahasa Utara\r'),
(71, 7107, 'Kabupaten Bolaang Mongondow Utara\r'),
(71, 7108, 'Kabupaten Siau Tagulandang Biaro\r'),
(71, 7109, 'Kabupaten Minahasa Tenggara\r'),
(71, 7110, 'Kabupaten Bolaang Mongondow Selatan\r'),
(71, 7111, 'Kabupaten Bolaang Mongondow Timur\r'),
(71, 7171, 'Kota Manado\r'),
(71, 7172, 'Kota Bitung\r'),
(71, 7173, 'Kota Tomohon\r'),
(71, 7174, 'Kota Kotamobagu\r'),
(72, 7201, 'Kabupaten Banggai Kepulauan\r'),
(72, 7202, 'Kabupaten Banggai\r'),
(72, 7203, 'Kabupaten Morowali\r'),
(72, 7204, 'Kabupaten Poso\r'),
(72, 7205, 'Kabupaten Donggala\r'),
(72, 7206, 'Kabupaten Toli-Toli\r'),
(72, 7207, 'Kabupaten Buol\r'),
(72, 7208, 'Kabupaten Parigi Moutong\r'),
(72, 7209, 'Kabupaten Tojo Una-Una\r'),
(72, 7210, 'Kabupaten Sigi\r'),
(72, 7271, 'Kota Palu\r'),
(73, 7301, 'Kabupaten Kepulauan Selayar\r'),
(73, 7302, 'Kabupaten Bulukumba\r'),
(73, 7303, 'Kabupaten Bantaeng\r'),
(73, 7304, 'Kabupaten Jeneponto\r'),
(73, 7305, 'Kabupaten Takalar\r'),
(73, 7306, 'Kabupaten Gowa\r'),
(73, 7307, 'Kabupaten Sinjai\r'),
(73, 7308, 'Kabupaten Maros\r'),
(73, 7309, 'Kabupaten Pangkajene Dan Kepulauan\r'),
(73, 7310, 'Kabupaten Barru\r'),
(73, 7311, 'Kabupaten Bone\r'),
(73, 7312, 'Kabupaten Soppeng\r'),
(73, 7313, 'Kabupaten Wajo\r'),
(73, 7314, 'Kabupaten Sidenreng Rappang\r'),
(73, 7315, 'Kabupaten Pinrang\r'),
(73, 7316, 'Kabupaten Enrekang\r'),
(73, 7317, 'Kabupaten Luwu\r'),
(73, 7318, 'Kabupaten Tana Toraja\r'),
(73, 7322, 'Kabupaten Luwu Utara\r'),
(73, 7325, 'Kabupaten Luwu Timur\r'),
(73, 7326, 'Kabupaten Toraja Utara\r'),
(73, 7371, 'Kota Makassar\r'),
(73, 7372, 'Kota Pare-Pare\r'),
(73, 7373, 'Kota Palopo\r'),
(74, 7401, 'Kabupaten Buton\r'),
(74, 7402, 'Kabupaten Muna\r'),
(74, 7403, 'Kabupaten Konawe\r'),
(74, 7404, 'Kabupaten Kolaka\r'),
(74, 7405, 'Kabupaten Konawe Selatan\r'),
(74, 7406, 'Kabupaten Bombana\r'),
(74, 7407, 'Kabupaten Wakatobi\r'),
(74, 7408, 'Kabupaten Kolaka Utara\r'),
(74, 7409, 'Kabupaten Buton Utara\r'),
(74, 7410, 'Kabupaten Konawe Utara\r'),
(74, 7471, 'Kota Kendari\r'),
(74, 7472, 'Kota Baubau\r'),
(75, 7501, 'Kabupaten Boalemo\r'),
(75, 7502, 'Kabupaten Gorontalo\r'),
(75, 7503, 'Kabupaten Pohuwato\r'),
(75, 7504, 'Kabupaten Bone Bolango\r'),
(75, 7505, 'Kabupaten Gorontalo Utara\r'),
(75, 7571, 'Kota Gorontalo\r'),
(76, 7601, 'Kabupaten Majene\r'),
(76, 7602, 'Kabupaten Polewali Mandar\r'),
(76, 7603, 'Kabupaten Mamasa\r'),
(76, 7604, 'Kabupaten Mamuju\r'),
(76, 7605, 'Kabupaten Mamuju Utara\r'),
(81, 8101, 'Kabupaten Maluku Tenggara Barat\r'),
(81, 8102, 'Kabupaten Maluku Tenggara\r'),
(81, 8103, 'Kabupaten Maluku Tengah\r'),
(81, 8104, 'Kabupaten Buru\r'),
(81, 8105, 'Kabupaten Kepulauan Aru\r'),
(81, 8106, 'Kabupaten Seram Bagian Barat\r'),
(81, 8107, 'Kabupaten Seram Bagian Timur\r'),
(81, 8108, 'Kabupaten Maluku Barat Daya\r'),
(81, 8109, 'Kabupaten Buru Selatan\r'),
(81, 8171, 'Kota Ambon\r'),
(81, 8172, 'Kota Tual\r'),
(82, 8201, 'Kabupaten Halmahera Barat\r'),
(82, 8202, 'Kabupaten Halmahera Tengah\r'),
(82, 8203, 'Kabupaten Kepulauan Sula\r'),
(82, 8204, 'Kabupaten Halmahera Selatan\r'),
(82, 8205, 'Kabupaten Halmahera Utara\r'),
(82, 8206, 'Kabupaten Halmahera Timur\r'),
(82, 8207, 'Kabupaten Pulau Morotai\r'),
(82, 8271, 'Kota Ternate\r'),
(82, 8272, 'Kota Tidore Kepulauan\r'),
(91, 9101, 'Kabupaten Fakfak\r'),
(91, 9102, 'Kabupaten Kaimana\r'),
(91, 9103, 'Kabupaten Teluk Wondama\r'),
(91, 9104, 'Kabupaten Teluk Bintuni\r'),
(91, 9105, 'Kabupaten Manokwari\r'),
(91, 9106, 'Kabupaten Sorong Selatan\r'),
(91, 9107, 'Kabupaten Sorong\r'),
(91, 9108, 'Kabupaten Raja Ampat\r'),
(91, 9109, 'Kabupaten Tambrauw\r'),
(91, 9110, 'Kabupaten Maybrat\r'),
(91, 9171, 'Kota Sorong\r'),
(94, 9401, 'Kabupaten Merauke\r'),
(94, 9402, 'Kabupaten Jayawijaya\r'),
(94, 9403, 'Kabupaten Jayapura\r'),
(94, 9404, 'Kabupaten Nabire\r'),
(94, 9408, 'Kabupaten Kepulauan Yapen\r'),
(94, 9409, 'Kabupaten Biak Numfor\r'),
(94, 9410, 'Kabupaten Paniai\r'),
(94, 9411, 'Kabupaten Puncak Jaya\r'),
(94, 9412, 'Kabupaten Mimika\r'),
(94, 9413, 'Kabupaten Boven Digoel\r'),
(94, 9414, 'Kabupaten Mappi\r'),
(94, 9415, 'Kabupaten Asmat\r'),
(94, 9416, 'Kabupaten Yahukimo\r'),
(94, 9417, 'Kabupaten Pegunungan Bintang\r'),
(94, 9418, 'Kabupaten Tolikara\r'),
(94, 9419, 'Kabupaten Sarmi\r'),
(94, 9420, 'Kabupaten Keerom\r'),
(94, 9426, 'Kabupaten Waropen\r'),
(94, 9427, 'Kabupaten Supiori\r'),
(94, 9428, 'Kabupaten Mamberamo Raya\r'),
(94, 9429, 'Kabupaten Nduga\r'),
(94, 9430, 'Kabupaten Lanny Jaya\r'),
(94, 9431, 'Kabupaten Mamberamo Tengah\r'),
(94, 9432, 'Kabupaten Yalimo\r'),
(94, 9433, 'Kabupaten Puncak\r'),
(94, 9434, 'Kabupaten Dogiyai\r'),
(94, 9435, 'Kabupaten Intan Jaya\r'),
(94, 9436, 'Kabupaten Deiyai\r'),
(94, 9471, 'Kota Jayapura \r');

-- --------------------------------------------------------

--
-- Struktur dari tabel `t_loker`
--

CREATE TABLE `t_loker` (
  `id_loker` int(11) NOT NULL,
  `id_industri` int(11) DEFAULT NULL,
  `judul` varchar(100) DEFAULT NULL,
  `deskripsi` text,
  `gaji` int(11) DEFAULT NULL,
  `tgl_buka` date DEFAULT NULL,
  `tgl_tutup` date DEFAULT NULL,
  `tujuan` int(11) DEFAULT NULL,
  `id_prov` int(11) DEFAULT NULL,
  `kategori_jk` char(1) DEFAULT NULL,
  `kategori_jumlah` int(11) DEFAULT NULL,
  `kategori_tinggi_badan` int(11) DEFAULT NULL,
  `kategori_berat_badan` int(11) DEFAULT NULL,
  `kategori_umur` int(11) DEFAULT NULL,
  `kategori_lowongan` varchar(50) DEFAULT NULL,
  `kategori_jurusan` varchar(50) DEFAULT NULL,
  `status` int(11) DEFAULT NULL
) ENGINE=InnoDB DEFAULT CHARSET=latin1;

--
-- Dumping data untuk tabel `t_loker`
--

INSERT INTO `t_loker` (`id_loker`, `id_industri`, `judul`, `deskripsi`, `gaji`, `tgl_buka`, `tgl_tutup`, `tujuan`, `id_prov`, `kategori_jk`, `kategori_jumlah`, `kategori_tinggi_badan`, `kategori_berat_badan`, `kategori_umur`, `kategori_lowongan`, `kategori_jurusan`, `status`) VALUES
(2, 1, 'kasir', 'Dibutuhkan karyawan sebagai kasir dengan kriteria sebagai berikut:\r\n1. Bersedia bekerja dengan waktu kerja 3 ship\r\n2. Bersedia ditempatkan di cabang manapun\r\n3. Memiliki keahlian mengoperasikan mesin kasir\r\n4. Mampu mengoperasikan microsoft excel dan word', 4, '2018-09-18', '2018-09-30', 2, 12, '1', 10, 160, 70, 35, '3', '2', 1),
(3, 127, 'Customer Service', 'Dibutuhkan segera 5 orang staff customer service :\r\n1. Laki-laki / perempuan\r\n2. Usia maximal 28 th\r\n3. Menguasai Ilmu Perhotelan\r\n4. Dapat berbahasa inggris dengan baik', 5, '2018-09-04', '2018-09-29', 1, 35, '2', 5, 170, 70, 25, '2', '1', 1),
(4, 8, 'Staff Acounting', 'Staff Acounting', 4, '2018-08-27', '2018-09-29', 1, 31, '3', 10, 170, 70, 20, '2', '2', 1),
(5, 3, 'Customer service', 'customer service', 5, '2018-10-01', '2018-10-12', 2, 32, '2', 2, 170, 70, 20, '2', '3', 1);

-- --------------------------------------------------------

--
-- Struktur dari tabel `t_pelamar`
--

CREATE TABLE `t_pelamar` (
  `id_pelamar` int(11) NOT NULL,
  `tanggal_daftar` date DEFAULT NULL,
  `id_loker` int(11) DEFAULT NULL,
  `nisn` varchar(20) DEFAULT NULL,
  `dokumen` varchar(100) DEFAULT NULL,
  `status` int(11) DEFAULT NULL
) ENGINE=InnoDB DEFAULT CHARSET=latin1;

--
-- Dumping data untuk tabel `t_pelamar`
--

INSERT INTO `t_pelamar` (`id_pelamar`, `tanggal_daftar`, `id_loker`, `nisn`, `dokumen`, `status`) VALUES
(9, '2018-09-22', 3, '9964472975', '91.zip', 2),
(20, '2018-09-22', 3, '9964472976', '201.zip', 2),
(22, '2018-09-22', 2, '9964472975', '22.zip', 2),
(23, '2018-09-22', 2, '9964472976', NULL, 3),
(24, '2018-09-22', 2, '9964472979', NULL, 1),
(25, '2018-09-23', 2, '9964472981', NULL, 1),
(27, '2018-10-06', 5, '9964472976', '27.rar', 1),
(28, '2018-10-06', 5, '9964472978', '28.rar', 1),
(31, '2018-10-23', 4, '9964472979', '31.rar', 1),
(32, '2018-10-23', 3, '9964472984', NULL, 1),
(33, '2018-10-23', 4, '9964472975', NULL, 1),
(37, '2018-10-24', 5, '9964472975', NULL, 1),
(38, '2018-10-24', 2, '9964472983', NULL, 1);

-- --------------------------------------------------------

--
-- Struktur dari tabel `t_profil`
--

CREATE TABLE `t_profil` (
  `id` int(11) NOT NULL,
  `profil` text
) ENGINE=InnoDB DEFAULT CHARSET=latin1;

--
-- Dumping data untuk tabel `t_profil`
--

INSERT INTO `t_profil` (`id`, `profil`) VALUES
(1, '<b>1. Pengertian</b>\r\n<br>\r\nBursa Kerja Khusus (BKK) adalah sebuah lembaga yang dibentuk di Sekolah Menengah Kejuruan Negeri dan Swasta, sebagai unit pelaksana yang memberikan pelayanan dan informasi lowongan kerja, pelaksana pemasaran, penyaluran dan penempatan tenaga kerja, merupakan mitra Dinas Tenaga Kerja dan Transmigrasi.\r\n<br><br>\r\n<b>2. Latar Belakang</b>\r\n<br>\r\nSekolah Menengah Kejuruan (SMK) sebagai sub sistem pendidikan nasional yang bertanggungjawab dalam penyiapan SDM tingkat menengah yang handal, berorientasi kepada kebutuhan pasar harus mampu mengembangkan inovasi untuk mempengaruhi perubahan kebutuhan pasar sehingga dapat mewujudkan kepuasan pencari kerja. BKK SMK merupakan salah satu komponen penting dalam mengukur keberhasilan pendidikan di SMK, karena BKK menjadi lembaga yang berperan mengoptimalkan penyaluran tamatan SMK dan sumber informasi untuk pencari kerja. Pemberdayaan BKK SMK merupakan salah satu fungsi dalam manajemen sekolah yaitu sebagai bagian pembinaan terhadap proses pelaksanaan kegiatan BKK SMK yang telah direncanakan dalam upaya mencapai tujuan pendidikan SMK. BKK SMK merupakan salah satu komponen pelaksanaan pendidikan sistem ganda, karena tidak mungkin bisa dilaksanakan proses pembelajaran yang mengarah kepada kompetensi jika tidak ada pasangan industri/usaha kerja, sebagai lingkungan kerja dimana siswa belajar keahlian dan profesional serta etos kerja sesuai dengan tuntutan dunia kerja.\r\n<br><br>\r\n<b>3. Tujuan</b>\r\n<br>\r\n    Sebagai wadah dalam mempertemukan tamatan dengan pencari kerja.\r\n    Memberikan layanan kepada tamatan sesuai dengan tugas dan fungsi masing-masing seksi yang ada dalam BKK.\r\n    Sebagai wadah dalam pelatihan tamatan yang sesuai dengan permintaan pencari kerja\r\n    Sebagai wadah untuk menanamkan jiwa wirausaha bagi tamatan melalui pelatihan.\r\n<br>\r\n<br>\r\n<b>4. Ruang Lingkup Kegiatan </b>\r\n<br>\r\n    Penyusunan database siswa lulusan SMK pencari kerja dan perusahaan pencari tenaga kerja dan penelusuran tamatan siswa SMK.\r\n    Menjaring informasi tentang pasar kerja melalui iklan di media massa, internet, kunjunagn ke dunia usaha (industri) maupun kerjasama dengan lembaga penyalur tenaga kerja dan Depnakertrans.\r\n    Membuat leaflet informasi dan pemasaran lulusan SMK yang dikirim kedunia usaha/industri yang terkait Depnakertrans.\r\n    Penyaluran calon tenaga kerja lulusan SMK ke dunia usaha dan industri.\r\n    Melakukan proses tindak lanjut hasil pengiriman dan penempatan tenaga kerja melalui kegiatan penjajakan dan verifikasi.\r\n    Mengadakan program pelatihan ketrampilan tambahan/khusus bagi siswa dan lulusan SMK disesuaikan dengan bidang keahlian yang diperlukan.\r\n    Mengadakan program bimbingan menghadapi tahapan proses penerimaan siswa dalam suatu pekerjaan (wawancara, psikotest).\r\n    Memberikan informasi kepada para ALUMNI ataupun para lulusan SMK lain yang membutuhkan informasi tentang lowongan kerja.\r\n<br><br>\r\n<b>5. Penyaluran Dan Penempatan Tamatan\r\n</b>\r\n<br>\r\nAdapun pelaksanaan penyaluran dan penempatan tamatan yang dapat dilakukan BKK SMK adalah sebagai berikut :\r\n<br>\r\n    Menindaklanjuti kerjasama dengan industri pasangan yang telah menjadi mitra kerja dengan BKK sekolah.\r\n    Melakukan penelusuran alumni dan dimasukkan ke dalam database sekolah.\r\n    Merangkul pengurus Majelis Sekolah yang peduli dengan penempatan tenaga kerja dari alumni.\r\n    Membuat website khusus BKK yang selalu up to date yang dapat di link dengan situs-situs JOB CARRIER.\r\n    Menanamkan jiwa enterpreunership kepada siswa melalui pelatihan ketrampilan untuk menjadi seorang wirausaha (enterpreuneur).\r\n<br><br>\r\n<b>\r\n6. Kegiatan Bursa Kerja Khusus\r\n</b>\r\n<br>\r\n    Merencanakan program kerja hubungan industri setiap program studi.\r\n        Mengadakan pertemuan dengan Kajur tentang penempatan siswa-siswi prakerin.\r\n        Mengadakan koordinasi dengan panitia PSG tentang penempatan siswa-siswi prakerin.\r\n        Mengadakan koordinasi dengan panitia PSG tentang guru monitoring.\r\n    Melakukan proses negosiasi dengan DU/DI dan pemerintah sebagai mitra dalam penempatan siswa-siswi prakerin.\r\n    Menjalin kerjasama (MOU) dengan DU/DI dalam :\r\n        Sinkronisasi Kurikulum\r\n        Pelatihan\r\n        Penempatan tamatan\r\n    Pemetaan DU/DI\r\n    Menjalin kerjasama dengan Depnakertrans tentang pelatihan (Magang) dan penempatan tamatan.\r\n    Membentuk Majelis Sekolah.\r\n    Membuat database penelusuran tamatan baik yang sudah bekerja maupun belum bekerja.\r\n    Membentuk Ikatan alumni.\r\n    Membuat mading informasi lowongan kerja.\r\n    Membuat website khusus BKK\r\n    Membuat Laporan Kegiatan\r\n    Monitoring dan Evaluasi\r\n');

-- --------------------------------------------------------

--
-- Struktur dari tabel `t_provinsi`
--

CREATE TABLE `t_provinsi` (
  `id_prov` int(2) NOT NULL,
  `nama_prov` char(30) NOT NULL
) ENGINE=InnoDB DEFAULT CHARSET=latin1;

--
-- Dumping data untuk tabel `t_provinsi`
--

INSERT INTO `t_provinsi` (`id_prov`, `nama_prov`) VALUES
(11, 'Aceh\r'),
(12, 'Sumatera Utara\r'),
(13, 'Sumatera Barat\r'),
(14, 'Riau\r'),
(15, 'Jambi\r'),
(16, 'Sumatera Selatan\r'),
(17, 'Bengkulu\r'),
(18, 'Lampung\r'),
(19, 'Kepulauan Bangka Belitung\r'),
(21, 'Kepulauan Riau\r'),
(31, 'DKI Jakarta'),
(32, 'Jawa Barat\r'),
(33, 'Jawa Tengah\r'),
(34, 'DI Yogyakarta'),
(35, 'Jawa Timur\r'),
(36, 'Banten\r'),
(51, 'Bali\r'),
(52, 'Nusa Tenggara Barat\r'),
(53, 'Nusa Tenggara Timur\r'),
(61, 'Kalimantan Barat\r'),
(62, 'Kalimantan Tengah\r'),
(63, 'Kalimantan Selatan\r'),
(64, 'Kalimantan Timur\r'),
(71, 'Sulawesi Utara\r'),
(72, 'Sulawesi Tengah\r'),
(73, 'Sulawesi Selatan\r'),
(74, 'Sulawesi Tenggara\r'),
(75, 'Gorontalo\r'),
(76, 'Sulawesi Barat\r'),
(81, 'Maluku\r'),
(82, 'Maluku Utara\r'),
(91, 'Papua Barat\r'),
(94, 'Papua\r');

-- --------------------------------------------------------

--
-- Struktur dari tabel `t_siswa`
--

CREATE TABLE `t_siswa` (
  `nisn` varchar(20) NOT NULL,
  `nama` varchar(50) DEFAULT NULL,
  `jk` char(1) DEFAULT NULL,
  `tahun_keluar` char(4) DEFAULT NULL,
  `status` int(11) DEFAULT NULL,
  `perusahaan` varchar(50) DEFAULT NULL,
  `id_jurusan` int(11) DEFAULT NULL,
  `alamat` text,
  `nohp` varchar(20) DEFAULT NULL,
  `pendidikan` varchar(20) DEFAULT NULL,
  `perguruan_tinggi` varchar(50) DEFAULT NULL,
  `fakultas` varchar(50) DEFAULT NULL,
  `foto` varchar(100) DEFAULT NULL
) ENGINE=InnoDB DEFAULT CHARSET=latin1;

--
-- Dumping data untuk tabel `t_siswa`
--

INSERT INTO `t_siswa` (`nisn`, `nama`, `jk`, `tahun_keluar`, `status`, `perusahaan`, `id_jurusan`, `alamat`, `nohp`, `pendidikan`, `perguruan_tinggi`, `fakultas`, `foto`) VALUES
('9964472975', 'ALBERT AGUSTIN', 'L', '2015', 3, '', 2, 'cianjur', '0879763234', '3', 'politeknik kridatama', 'management informatika', '9964472975.JPG'),
('9964472976', 'AINUN FAUZIYAH', 'P', '2015', 3, '', 2, 'cIANJUR', '0870870866', '4', 'Universitas surya kencana', 'Teknik', '9964472976.JPG'),
('9964472977', 'ALFIAN DWI PUTRA', 'L', '2015', 3, '', 2, 'CIANJUR', '0814213414', '3', 'Universitas Putra Indonesia', 'Teknik Informatika', '9964472977.JPG'),
('9964472978', 'ALAIKA ROBBY', 'L', '2015', 3, '', 2, 'CIANJUR', '0856546213', '4', '', '', '9964472978.JPG'),
('9964472979', 'ALDO SEPTIAN HELMI', 'L', '2015', 4, 'Bengkel Motor', 2, 'CIANJUR', '0884736124', '1', '', '', '9964472979.JPG'),
('9964472980', 'ANA NABILA', 'P', '2015', 1, '', 2, 'CIANJUR', '0854534234', '3', '', '', '9964472980.JPG'),
('9964472981', 'ALIFIA SEKAR DJAYANTHIE', 'P', '2015', 4, '', 2, 'CIANJUR', '0811231234', '1', '', '', '9964472981.JPG'),
('9964472982', 'ANDI MUHAMMAD REZALDY', 'L', '2015', 4, '', 2, 'CIANJUR', '088776643423', '1', '', '', '9964472982.JPG'),
('9964472983', 'ARISA JANUARY MILATIA', 'P', '2015', 3, '', 2, 'CIANJUR', '0863452341', '3', '', '', '9964472983.JPG'),
('9964472984', 'AULIA AZ ZAHRA', 'P', '2015', 3, '', 2, 'CIANJUR', '08554213412', '4', '', '', '9964472984.JPG'),
('9964472985', 'AYU WIDYASTUTI', 'P', '2015', 1, '', 2, 'CIANJUR', '0857876876', '2', '', '', '9964472985.JPG'),
('9964472986', 'AULIYA ELSA RAHMAH', 'P', '2015', 3, '', 2, 'CIANJUR', '0876576876', '3', '', '', '9964472986.JPG'),
('9964472987', 'DARYASIN', 'L', '2015', 3, '', 2, 'CIANJUR', '082312334', '4', '', '', '9964472987.JPG'),
('9964472988', 'DEDE SETIAWAN', 'L', '2015', 1, '', 2, 'CIANJUR', '0821244432', '2', '', '', '9964472988.JPG'),
('9964472989', 'DIANA AGUSTINI', 'P', '2015', 4, '', 2, 'CIANJUR', '08521341234', '3', '', '', '9964472989.JPG'),
('9964472990', 'DINDA RIZKYAH AZZAHRA', 'P', '2015', 4, '', 2, 'CIANJUR', '085423412', '2', '', '', '9964472990.JPG'),
('9964472991', 'EKA SUCIYANTI', 'P', '2015', 3, '', 2, 'CIANJUR', '083432365454', '2', '', '', '9964472991.JPG'),
('9964472992', 'DURRI YATUL LUM', 'P', '2015', 4, '', 2, 'CIANJUR', '0852341234', '4', '', '', '9964472992.JPG'),
('9964472993', 'FAHMI ARDY', 'L', '2015', 3, '', 2, 'CIANJUR', '08465734524', '4', '', '', '9964472993.JPG'),
('9964472994', 'FIRMAN RAMADAN', 'L', '2015', 1, '', 2, 'CIANJUR', '08543234123', '4', '', '', '9964472994.JPG'),
('9964472995', 'MUHAMAD AGUSTIAN', 'L', '2015', 2, NULL, NULL, NULL, NULL, NULL, NULL, NULL, NULL),
('9964472996', 'MUHAMAD ARIS KOMARUDIN', 'L', '2015', 3, NULL, NULL, NULL, NULL, NULL, NULL, NULL, NULL),
('9964472997', 'MUHAMAD BAHRUL ULUM', 'L', '2015', 3, NULL, NULL, NULL, NULL, NULL, NULL, NULL, NULL),
('9964472998', 'MUHAMAD GATHAN AR RAZZAQ', 'L', '2015', 2, NULL, NULL, NULL, NULL, NULL, NULL, NULL, NULL),
('9964472999', 'WAHYU NUGROHO', 'L', '2015', 2, 'alpha mart', 6, 'CIANJUR', '0811212113', '1', '', '', '9964472999.JPG'),
('9964473000', 'MUHAMMAD DAFFA ARDIANSYAH', 'L', '2015', 2, NULL, NULL, NULL, NULL, NULL, NULL, NULL, NULL),
('9964473001', 'MUHAMMAD OEMAR ABDALLA ARRAZQ', 'L', '2015', 4, NULL, NULL, NULL, NULL, NULL, NULL, NULL, NULL),
('9964473002', 'MUHAMMAD RAMADHAN', 'L', '2015', 2, NULL, NULL, NULL, NULL, NULL, NULL, NULL, NULL),
('9964473003', 'MUHAMMAD RIFKY HIDAYAT', 'L', '2015', 4, NULL, NULL, NULL, NULL, NULL, NULL, NULL, NULL),
('9964473004', 'OKISA LAZUARDI', 'L', '2015', 2, NULL, NULL, NULL, NULL, NULL, NULL, NULL, NULL);

--
-- Trigger `t_siswa`
--
DELIMITER $$
CREATE TRIGGER `auto_user` AFTER INSERT ON `t_siswa` FOR EACH ROW BEGIN
	insert into t_user (username,password,hakakses) values(new.nisn,md5(new.nisn),'alumni');
END
$$
DELIMITER ;

-- --------------------------------------------------------

--
-- Struktur dari tabel `t_user`
--

CREATE TABLE `t_user` (
  `id` int(11) NOT NULL,
  `username` varchar(100) DEFAULT NULL,
  `password` varchar(100) DEFAULT NULL,
  `hakakses` varchar(10) DEFAULT NULL
) ENGINE=InnoDB DEFAULT CHARSET=latin1;

--
-- Dumping data untuk tabel `t_user`
--

INSERT INTO `t_user` (`id`, `username`, `password`, `hakakses`) VALUES
(1, 'admin', '21232f297a57a5a743894a0e4a801fc3', 'admin'),
(2, 'operator', '4b583376b2767b923c3e1da60d10de59', 'operator'),
(3, '9964472975', '10a454823afa262d53203b5b80149c85', 'alumni'),
(4, '9964472976', '094527fb3d562a469265589e7a366ef4', 'alumni'),
(5, '9964472977', '9a531772b97efdf410c8e9441b1fcab2', 'alumni'),
(6, '9964472978', '561a9a2a2e935fd194ba804b9ddeb438', 'alumni'),
(7, '9964472979', '2b7a6c4fe472c5a5b12010b34038ed72', 'alumni'),
(8, '9964472980', '34ddf8b169405222b70714ee6da63852', 'alumni'),
(9, '9964472981', 'ad2d549b2f035043587733041e676204', 'alumni'),
(10, '9964472982', '9aec1b83022c0ec118995760ad1bfd2c', 'alumni'),
(11, '9964472983', '0d8375eeb0e3030461919b617d1324fd', 'alumni'),
(12, '9964472984', '68badf4c54f9962871b7b605ac820dae', 'alumni'),
(13, '9964472985', '44d41db74927dfd19e5e58cb8113f655', 'alumni'),
(14, '9964472986', 'b06e3323d806ec7009d51b8b0b9e9864', 'alumni'),
(15, '9964472987', '918a5a009504961501df5721f7399518', 'alumni'),
(16, '9964472988', '74c7b0b0e7317448736abc31e4fa9b2e', 'alumni'),
(17, '9964472989', '0f0612dfe5b2c3694fd9a8c8f2a69765', 'alumni'),
(18, '9964472990', 'e5625f7448584eb59748cc43104e129c', 'alumni'),
(19, '9964472991', 'ddb0ee491393be02a49af0741b18e77b', 'alumni'),
(20, '9964472992', 'bbda44baa1b865a9105e53a99c70ce9e', 'alumni'),
(21, '9964472993', '92cc7b0bfbcf40a8ea861f65959f4dab', 'alumni'),
(22, '9964472994', '544528b8d3f0297e12a314340cc28132', 'alumni'),
(23, '9964472995', '565b9a703cac1dc7fd6bfd74bd9d5930', 'alumni'),
(24, '9964472996', 'c6858a5fd8ca54c9239b1457b0146809', 'alumni'),
(25, '9964472997', 'f256505f4360ea36c33c93264b8401d1', 'alumni'),
(26, '9964472998', '70e137dff3f265ddcb82329c7f724a2c', 'alumni'),
(27, '9964472999', 'd2c36668ff1abf0e6175e38d1f6b0891', 'alumni'),
(28, '9964473000', '5cf792f23b016c959ddccecae73045b7', 'alumni'),
(29, '9964473001', '2eedac0be0c79da6c4a6a9550d23def2', 'alumni'),
(30, '9964473002', 'aeaf252ffb3f3342b7e8e4990c9b54aa', 'alumni'),
(31, '9964473003', '393de82463e8c370c367cb5526260b4b', 'alumni'),
(32, '9964473004', '0d4457671fc7473d61d90dd32b294701', 'alumni');

--
-- Indexes for dumped tables
--

--
-- Indexes for table `t_affiliate`
--
ALTER TABLE `t_affiliate`
  ADD PRIMARY KEY (`id_affiliate`);

--
-- Indexes for table `t_bidang`
--
ALTER TABLE `t_bidang`
  ADD PRIMARY KEY (`id_bidang`);

--
-- Indexes for table `t_industri`
--
ALTER TABLE `t_industri`
  ADD PRIMARY KEY (`id_industri`);

--
-- Indexes for table `t_jadwal`
--
ALTER TABLE `t_jadwal`
  ADD PRIMARY KEY (`id_jadwal`);

--
-- Indexes for table `t_jurusan`
--
ALTER TABLE `t_jurusan`
  ADD PRIMARY KEY (`id_jurusan`);

--
-- Indexes for table `t_loker`
--
ALTER TABLE `t_loker`
  ADD PRIMARY KEY (`id_loker`);

--
-- Indexes for table `t_pelamar`
--
ALTER TABLE `t_pelamar`
  ADD PRIMARY KEY (`id_pelamar`);

--
-- Indexes for table `t_profil`
--
ALTER TABLE `t_profil`
  ADD PRIMARY KEY (`id`);

--
-- Indexes for table `t_siswa`
--
ALTER TABLE `t_siswa`
  ADD PRIMARY KEY (`nisn`);

--
-- Indexes for table `t_user`
--
ALTER TABLE `t_user`
  ADD PRIMARY KEY (`id`);

--
-- AUTO_INCREMENT for dumped tables
--

--
-- AUTO_INCREMENT for table `t_affiliate`
--
ALTER TABLE `t_affiliate`
  MODIFY `id_affiliate` int(11) NOT NULL AUTO_INCREMENT, AUTO_INCREMENT=8;
--
-- AUTO_INCREMENT for table `t_bidang`
--
ALTER TABLE `t_bidang`
  MODIFY `id_bidang` int(11) NOT NULL AUTO_INCREMENT, AUTO_INCREMENT=21;
--
-- AUTO_INCREMENT for table `t_industri`
--
ALTER TABLE `t_industri`
  MODIFY `id_industri` int(11) NOT NULL AUTO_INCREMENT, AUTO_INCREMENT=402;
--
-- AUTO_INCREMENT for table `t_jadwal`
--
ALTER TABLE `t_jadwal`
  MODIFY `id_jadwal` int(11) NOT NULL AUTO_INCREMENT, AUTO_INCREMENT=3;
--
-- AUTO_INCREMENT for table `t_jurusan`
--
ALTER TABLE `t_jurusan`
  MODIFY `id_jurusan` int(11) NOT NULL AUTO_INCREMENT, AUTO_INCREMENT=7;
--
-- AUTO_INCREMENT for table `t_loker`
--
ALTER TABLE `t_loker`
  MODIFY `id_loker` int(11) NOT NULL AUTO_INCREMENT, AUTO_INCREMENT=6;
--
-- AUTO_INCREMENT for table `t_pelamar`
--
ALTER TABLE `t_pelamar`
  MODIFY `id_pelamar` int(11) NOT NULL AUTO_INCREMENT, AUTO_INCREMENT=39;
--
-- AUTO_INCREMENT for table `t_profil`
--
ALTER TABLE `t_profil`
  MODIFY `id` int(11) NOT NULL AUTO_INCREMENT, AUTO_INCREMENT=2;
--
-- AUTO_INCREMENT for table `t_user`
--
ALTER TABLE `t_user`
  MODIFY `id` int(11) NOT NULL AUTO_INCREMENT, AUTO_INCREMENT=33;
/*!40101 SET CHARACTER_SET_CLIENT=@OLD_CHARACTER_SET_CLIENT */;
/*!40101 SET CHARACTER_SET_RESULTS=@OLD_CHARACTER_SET_RESULTS */;
/*!40101 SET COLLATION_CONNECTION=@OLD_COLLATION_CONNECTION */;
